"氏名","氏名（ひらがな）","年齢","生年月日","性別","メールアドレス","電話番号","携帯電話番号","郵便番号","住所","クレジットカード","有効期限"
"永岡 美穂","ながおか みほ",51,"1973年03月20日","女","nagaoka320@example.org","03-0633-6451","090-5218-7131","170-0861","東京都港区南青山1-2-10","3551751281150719","06/25"
"豊永 彰宏","とよなが あきひろ",80,"1943年08月30日","男","toyonaga_akihiro@example.jp","043-638-2988","090-0997-1759","278-4697","千葉県習志野市大久保2-4-11","4925685781093309","07/24"
"松井 諒","まつい りょう",21,"2002年11月26日","男","ryou_matsui@example.ne.jp","03-1568-2988","090-5076-9740","158-7921","東京都大田区西六郷4-2-3","5561610404742609","10/27"
"深川 益美","ふかがわ ますみ",46,"1977年08月02日","女","fukagawamasumi@example.co.jp","06-8200-4182","080-9316-5862","575-5388","大阪府東大阪市渋川町3-4-13","3531358033395561","07/26"
"落合 剛","おちあい つよし",25,"1998年07月02日","男","ochiai72@example.net","0791-48-3727","090-8564-7460","663-6457","兵庫県西宮市上甲子園3-2-701","377160458502868","11/24"
"久保 香","くぼ かおり",79,"1944年10月09日","その他・不明","kaori_kubo@example.org","0176-72-4682","090-2672-0772","033-2931","青森県弘前市大字樹木2-2-7","4678771335199989","10/28"
"植村 萌子","うえむら もえこ",29,"1995年03月02日","女","moekouemura@example.com","03-9494-4947","050-3397-3153","145-9743","東京都江戸川区南篠崎町1-5-1208","5165910790478150","12/28"
"栗田 敦","くりた あつし",26,"1998年02月05日","男","kuritaatsushi@example.org","0587-71-0124","070-5096-7177","467-1886","愛知県刈谷市寺横町3-3-5","4252023397625277","12/26"
"大久保 葉子","おおくぼ ようこ",33,"1990年06月29日","女","youko_okubo@example.com","03-2797-5198","050-4538-4142","187-4671","東京都港区白金2-1-12リッツハウス501","372206666684751","12/28"
"佐藤 麻衣","さとう まい",77,"1946年11月22日","女","sato_mai@example.ne.jp","0463-57-6745","050-1898-9386","235-6331","神奈川県横浜市中区山元町3-4-21","378012811646578","09/26"
"星野 栄","ほしの さかえ",79,"1944年08月19日","その他・不明","sakaehoshino@example.com","03-2186-9243","050-8848-4805","179-6327","東京都中野区沼袋2-1-5","4770845398098788","10/28"
"大塚 寛","おおつか ひろし",25,"1999年01月10日","男","hiroshiotsuka@example.jp","06-0955-4101","050-4644-1041","559-2139","大阪府大阪市淀川区西中島2-2-5ベル415","3542760026340925","10/25"
"菊地 真弓","きくち まゆみ",56,"1968年03月16日","女","kikuchi316@example.ne.jp","0568-57-4882","080-9946-9554","495-3283","愛知県半田市白山町3-1-9","3550657515092273","12/25"
"松原 潔","まつばら きよし",47,"1976年10月11日","男","matsubara_kiyoshi@example.com","0779-48-9055","080-2165-6212","915-4783","福井県福井市松本1-3-10エスプリ312","378460065965782","01/25"
"中井 彰宏","なかい あきひろ",25,"1998年10月26日","男","akihiro_nakai@example.com","06-0553-0187","050-1532-0710","539-0657","大阪府東大阪市善根寺町4-2-10","3540924228114908","06/28"
"八尾 政史","やお まさし",39,"1984年12月05日","男","yao125@example.ne.jp","03-6431-3743","050-6129-9152","168-0551","東京都世田谷区粕谷2-2-20","371098889895798","11/25"
"村岡 幸秀","むらおか ゆきひで",48,"1976年02月18日","男","muraoka218@example.com","0476-03-8854","050-9365-7257","261-0778","千葉県市川市大野町1-1-16","3543184542550298","06/27"
"一瀬 雅彦","いちのせ まさひこ",32,"1991年09月07日","男","masahiko_ichinose@example.net","0797-75-2269","070-4780-3620","670-7840","兵庫県宝塚市千種3-4-1006","4149388094186650","08/28"
"松田 あかね","まつだ あかね",26,"1998年01月11日","女","akanematsuda@example.org","03-6455-8565","070-2805-7003","172-8186","東京都千代田区九段南1-5-20","5382349150508651","08/26"
"山本 良介","やまもと りょうすけ",26,"1998年05月17日","男","yamamotoryousuke@example.net","046-450-0426","050-8030-7680","246-1714","神奈川県茅ヶ崎市東海岸北3-3-5","5210668161117501","07/26"
"滝沢 貴一","たきざわ きいち",78,"1945年08月01日","男","takizawa_81@example.ne.jp","03-9463-6943","070-5950-9734","189-0724","東京都練馬区平和台1-2-9","377995515987770","04/27"
"福山 綾子","ふくやま あやこ",60,"1964年03月04日","女","fukuyama_ayako@example.co.jp","03-3494-2692","070-2220-3102","117-6508","東京都練馬区土支田3-2-7","376050511425523","08/28"
"佐々木 裕之","ささき ひろゆき",30,"1993年06月29日","男","sasaki629@example.ne.jp","06-2132-1060","050-3982-9845","557-1779","大阪府大阪市淀川区西中島2-1-1001","376850288207610","08/25"
"上田 昌孝","うえだ まさたか",38,"1985年07月28日","男","masatakaueda@example.co.jp","015-930-2453","090-4155-6004","056-0789","北海道札幌市白石区北郷三条2-2-1201","4309138460339482","06/26"
"浦野 郁雄","うらの いくお",23,"2001年06月17日","男","ikuourano@example.ne.jp","0798-80-0539","080-1807-4120","672-0332","兵庫県尼崎市立花町3-1-8","5133467036343655","03/25"
"小泉 猛","こいずみ もう",63,"1961年02月01日","男","koizumimou@example.com","0943-14-9995","050-6752-9435","804-0345","福岡県太宰府市五条1-3-20マンハイム202","372845879388427","12/27"
"西山 雄太","にしやま ゆうた",39,"1984年10月21日","男","yuuta_nishiyama@example.jp","03-9683-3215","080-1453-4885","183-0475","東京都渋谷区恵比寿1-3-17","4327716817910085","06/26"
"室伏 有希子","むろふし ゆきこ",62,"1961年11月19日","女","murofushi_yukiko@example.org","06-9837-8621","050-6216-8166","583-9425","大阪府東大阪市西岩田3-2-6","372960608549189","07/26"
"黒柳 康介","くろやなぎ やすゆき",69,"1954年11月04日","男","yasuyuki_kuroyanagi@example.ne.jp","06-2447-7419","070-3764-6985","564-7811","大阪府大阪市中央区博労町1-1-13","5512308252430704","05/26"
"関 憲彦","せき のりひこ",67,"1957年02月08日","男","norihikoseki@example.net","0968-61-3250","080-1560-9854","868-5681","熊本県熊本市中央区国府1-1-9スワローハイツ113","372590538923517","10/24"
"笹森 琢也","ささもり たくや",36,"1988年01月03日","男","sasamoritakuya@example.ne.jp","048-127-6513","050-5587-2113","365-4530","埼玉県新座市馬場3-5-15","5567788083161509","07/24"
"川合 祐司","かわい ゆうじ",44,"1980年06月01日","男","kawaiyuuji@example.com","0125-63-9469","090-3184-3658","093-8228","北海道札幌市手稲区手稲本町二条3-2-9","5484391565739734","03/27"
"内山 利彦","うちやま かずひこ",57,"1967年02月10日","男","uchiyamakazuhiko@example.com","0587-87-1982","080-6120-6210","461-2153","愛知県名古屋市中川区春田2-2-8","375895577665359","10/26"
"沖本 貴広","おきもと たかひろ",38,"1986年03月06日","男","okimototakahiro@example.co.jp","0124-80-1593","070-8719-3690","084-4421","北海道札幌市中央区大通東1-2-13","4338470405528340","03/26"
"長谷川 雅章","はせがわ まさあき",69,"1955年06月27日","男","hasegawa627@example.jp","06-5260-6334","080-4256-7783","548-2791","大阪府大阪市福島区玉川3-3-6","5150628159814008","04/25"
"大里 愛子","おおさと あいこ",27,"1996年12月17日","女","osato_1217@example.com","0258-89-5221","090-4074-7729","948-5213","新潟県長岡市稲保2-5-8","372735800001589","01/27"
"小笠原 未樹","おがさわら みき",57,"1967年01月26日","男","ogasawaramiki@example.org","06-8616-6172","080-1988-2454","546-2407","大阪府吹田市片山町3-1-7ローレルハイツ115","3531173932195743","06/29"
"高橋 裕二","たかはし ゆうじ",25,"1998年08月30日","男","takahashi_830@example.ne.jp","03-9051-4255","070-2612-0778","168-1375","東京都港区高輪2-4-7","4429144362450737","01/27"
"澤田 英之","さわだ ひでゆき",38,"1985年07月28日","男","sawadahideyuki@example.co.jp","045-519-8528","070-0503-1001","216-6126","神奈川県横浜市鶴見区矢向1-2-21","3570037981152925","01/28"
"高田 貴裕","たかだ たかひろ",72,"1951年07月27日","男","takahirotakada@example.ne.jp","03-7046-4204","050-6534-6121","150-2215","東京都三鷹市上連雀1-3-1108","5566806990486545","06/27"
"工藤 元気","くどう げんき",74,"1950年04月16日","男","genkikudou@example.co.jp","03-8279-0655","070-0662-0193","139-5005","東京都杉並区久我山1-1-16","4489874902668581","11/26"
"佐藤 耕一","さとう こういち",47,"1977年03月12日","男","sato312@example.jp","03-7767-1381","050-3338-3085","139-6966","東京都千代田区外神田3-1-13","5392308982868319","01/27"
"本村 和也","もとむら かずや",35,"1989年05月07日","男","motomura_57@example.org","03-4686-3905","070-2851-1682","109-6815","東京都世田谷区池尻3-2-7","5518256991584345","06/28"
"原田 英明","はらだ ひであき",48,"1975年09月08日","男","hideaki_harada@example.com","0996-48-2792","080-4572-4366","899-5848","鹿児島県鹿児島市谷山中央4-3-5クレアヒルズ807","4727521944282754","01/25"
"蜂谷 有紀","はちや ゆき",42,"1982年05月10日","女","yukihachiya@example.co.jp","0284-18-2330","090-9566-3373","373-0200","群馬県前橋市南町3-1-15","4077043328656871","12/25"
"池邉 義仁","いけべ よしひと",35,"1988年09月19日","男","ikebe919@example.net","03-7903-3826","090-8803-1114","180-2774","東京都墨田区墨田1-2-12ライオンズ・グランフォート303","3574111228746553","04/25"
"川本 賢輔","かわもと けんすけ",23,"2000年10月12日","男","kawamoto_kensuke@example.net","0930-16-1361","080-5487-0908","839-4549","福岡県北九州市小倉北区木町1-1-20","3547033161279554","03/27"
"田中 奈美子","たなか なみこ",64,"1960年03月04日","女","tanakanamiko@example.com","03-0994-9618","090-6127-9337","149-6944","東京都港区西麻布1-2-22","4179011582346189","09/28"
"池本 悟","いけもと さとる",20,"2003年10月30日","その他・不明","satoru_ikemoto@example.net","03-3915-0159","070-2412-8594","124-6611","東京都武蔵野市吉祥寺北町1-1-10エバーグリーン706","3582641588429549","01/26"
"田代 雄太","たしろ ゆうた",52,"1972年04月19日","男","tashiroyuuta@example.com","0470-83-6988","090-9203-4303","279-4068","千葉県千葉市若葉区西都賀3-5-10ニューライフ415","3534644700664794","04/29"
"荒川 拓也","あらかわ たくや",22,"2001年12月16日","男","arakawa_1216@example.org","03-9349-5917","050-0612-8370","131-5216","東京都渋谷区渋谷2-3-3","5306524399605673","12/24"
"杉本 尚","すぎもと なお",41,"1983年06月05日","男","sugimoto65@example.jp","03-7544-8082","080-2462-9862","153-9981","東京都文京区白山2-1-22","376830676893783","07/26"
"荒田 武彦","あらた たけひこ",69,"1954年08月28日","その他・不明","arata_828@example.net","0563-23-6235","050-9490-3481","445-8255","愛知県弥富市神戸3-4-1102","4757682334438738","10/28"
"安宅 真奈美","あたか まなみ",67,"1956年08月10日","女","ataka_manami@example.co.jp","055-561-1778","080-4689-8531","434-3928","静岡県伊東市広野1-3-12","5466235744204585","12/28"
"藤本 未央","ふじもと みお",54,"1969年07月20日","女","mio_fujimoto@example.co.jp","092-158-3672","050-5866-4653","803-3900","福岡県福岡市博多区東月隈3-2-22","376992986832255","12/25"
"中山 祐子","なかやま ゆうこ",69,"1955年03月26日","女","nakayama_326@example.org","0586-94-9913","050-1636-6306","492-0691","愛知県碧南市立山町3-2-6","5438041125769930","06/29"
"鈴木 修","すずき おさむ",22,"2002年02月23日","男","osamu_suzuki@example.net","0896-13-2289","090-4700-7036","794-8674","愛媛県松山市湊町1-1-1208","376673181485301","11/24"
"前田 茜","まえだ あかね",71,"1953年05月26日","女","maedaakane@example.co.jp","03-6753-0955","090-8902-7382","167-4853","東京都渋谷区恵比寿1-3-20","4865273906684914","08/27"
"大神 広恵","おおがみ ひろえ",72,"1952年01月19日","女","ogami_hiroe@example.jp","01547-7-0621","070-8888-7295","042-1034","北海道苫小牧市あけぼの町3-4-4エンゼルクレッセ102","3530890834986124","06/29"
"指田 裕介","さしだ ゆうすけ",51,"1972年11月16日","男","yuusuke_sashida@example.jp","03-1026-4112","050-0669-2322","139-8367","東京都板橋区舟渡3-5-1001ニチモグリーンタウン115","5433297955531833","07/27"
"馬場 正樹","ばば まさき",27,"1997年01月08日","男","masaki_baba@example.net","0186-65-1148","070-8582-6388","010-7893","秋田県秋田市中通2-3-22","3546410117660452","11/26"
"安達 文也","あだち ふみや",49,"1975年05月13日","男","fumiya_adachi@example.net","06-0743-1918","050-6718-5582","577-1176","大阪府松原市三宅中3-1-12","4627673357486363","12/24"
"田中 悠希","たなか ゆうき",47,"1977年05月23日","女","tanaka_523@example.ne.jp","03-1866-6641","090-4832-1035","145-0552","東京都台東区千束2-2-11","5427931717169924","08/27"
"山本 弘美","やまもと ひろみ",49,"1974年10月13日","女","yamamotohiromi@example.ne.jp","0586-70-7948","080-4746-4323","450-8954","愛知県名古屋市中村区稲葉地町2-2-3ランフォルセ309","4875172610231616","01/28"
"牛尾 浩之","うしお ひろゆき",44,"1979年07月20日","男","hiroyuki_ushio@example.jp","03-5038-1162","090-4817-0105","207-1687","東京都中央区八丁堀2-2-808","374441922771518","12/27"
"藤山 大悟","ふじやま だいご",46,"1978年01月12日","男","fujiyamadaigo@example.jp","0827-19-5234","070-8764-6180","736-6977","広島県呉市本通1-2-4","371613162426374","08/28"
"多々良 昌彦","たたら まさひこ",41,"1982年10月04日","男","tatara104@example.net","049-883-5015","080-5367-5111","334-4002","埼玉県越谷市蒲生3-2-3","4897832891405528","09/27"
"林 尚弘","はやし なおひろ",77,"1947年06月09日","男","hayashinaohiro@example.net","045-780-7858","090-5103-0834","259-1143","神奈川県平塚市東八幡2-5-707ライオンズ607","4783250112422817","10/24"
"藪内 守","やぶうち まもる",77,"1946年12月21日","男","yabuuchi1221@example.jp","03-1058-3348","050-8912-6242","107-8424","東京都豊島区巣鴨3-2-12ブランシエラ204","374479309653578","03/29"
"稲村 智人","いなむら ともひと",75,"1949年02月02日","男","tomohito_inamura@example.com","093-672-4225","090-6868-1783","804-7486","福岡県福岡市城南区片江1-3-4","5415603448185909","06/26"
"川本 秀樹","かわもと ひでき",75,"1948年09月18日","男","kawamoto_hideki@example.com","05979-9-9352","090-9834-3757","515-9881","三重県四日市市新正1-1-19","379773030020379","07/25"
"渡部 裕之","わたなべ ひろゆき",33,"1991年01月30日","男","watanabe130@example.co.jp","03-1605-7753","090-0986-2836","111-2940","東京都目黒区中目黒3-2-1001ヴェルビュ113","373778529830614","02/27"
"田中 純子","たなか じゅんこ",72,"1952年05月11日","女","tanaka_511@example.org","0235-65-4713","090-0389-7365","997-3920","山形県山形市城西町2-2-8","5181721303241542","11/25"
"二宮 昌彦","にのみや まさひこ",80,"1944年03月24日","男","masahiko_ninomiya@example.ne.jp","0475-06-6953","080-1772-5724","297-0924","千葉県松戸市六高台1-3-9","4074800152799363","01/27"
"岡崎 春香","おかざき はるか",70,"1953年08月12日","女","haruka_okazaki@example.ne.jp","0797-45-2893","070-2042-1625","671-7030","兵庫県神戸市中央区磯上通1-5-401","375513446299066","01/26"
"小柳 直子","こやなぎ なおこ",72,"1951年10月02日","その他・不明","koyanagi102@example.jp","0772-81-8561","050-7428-4834","604-9523","京都府京都市東山区五条橋東4-2-5","3588569916171885","11/26"
"早川 健悟","はやかわ けんご",72,"1951年07月18日","その他・不明","kengohayakawa@example.ne.jp","0494-18-1008","080-8573-1841","365-2125","埼玉県羽生市中央2-3-10","371800812843096","07/25"
"畦地 隆","あぜち たかし",42,"1982年06月19日","男","takashi_azechi@example.co.jp","0969-20-4844","090-7011-8226","862-0914","熊本県熊本市東区若葉1-5-15","4726439017109104","11/26"
"永田 雅文","ながた まさふみ",75,"1949年03月27日","男","masafumi_nagata@example.com","03-3303-4144","080-7508-8729","173-2808","東京都中央区勝どき1-3-9","3533428534081230","01/26"
"宇津 知晃","うつ ともあき",46,"1977年08月24日","男","utsu_tomoaki@example.com","0465-95-0665","050-3537-4604","254-4914","神奈川県相模原市南区相南3-2-13","5566121472518165","01/26"
"千島 豪","ちしま たけし",43,"1981年02月10日","その他・不明","takeshichishima@example.jp","06-8761-8002","050-9811-2474","584-4166","大阪府大阪市北区西天満1-1-7","3536567381997316","07/28"
"山辺 礼","やまべ れい",40,"1983年08月11日","男","reiyamabe@example.jp","03-1925-9516","070-9327-6879","100-6928","東京都大田区仲六郷2-3-9","371828459226143","04/29"
"山口 俊行","やまぐち としゆき",40,"1984年01月05日","男","toshiyuki_yamaguchi@example.jp","03-0493-1398","070-1800-4385","105-4637","東京都港区新橋2-1-803","3558182437285964","09/25"
"西澤 龍一","にしざわ りゅういち",27,"1996年09月19日","その他・不明","nishizawa_919@example.co.jp","0566-53-6058","070-7603-4700","455-0531","愛知県名古屋市昭和区桜山町2-5-4","5479691561722684","08/26"
"石原 徹","いしはら とおる",62,"1961年09月03日","その他・不明","ishihara_93@example.ne.jp","03-3318-6210","080-3190-1062","111-5821","東京都中央区八丁堀1-5-22","3581351412548594","07/26"
"甲斐 梢","かい こずえ",78,"1945年11月24日","女","kozuekai@example.jp","0436-17-0348","050-0407-3386","281-8068","千葉県船橋市本町1-5-3","3589159871587181","01/29"
"曽我 哲朗","そが てつろう",34,"1990年03月05日","男","soga35@example.com","044-723-9772","090-9977-9956","236-8838","神奈川県川崎市宮前区菅生2-5-20","5577741141330846","12/28"
"高橋 良介","たかはし りょうすけ",60,"1964年02月22日","男","ryousuke_takahashi@example.org","0536-86-0054","080-3786-8054","479-7967","愛知県稲沢市国府宮3-5-307","4153435587967444","06/24"
"北脇 哲","きたわき さとし",80,"1944年06月09日","男","kitawaki_satoshi@example.ne.jp","03-9219-0994","080-6049-5720","197-8103","東京都練馬区早宮2-3-902","4570551514687403","04/27"
"山内 哲也","やまうち てつや",40,"1983年10月29日","男","yamauchi1029@example.org","0223-92-9650","080-4052-7279","989-6365","宮城県仙台市青葉区国見2-4-13","4260733532023051","03/26"
"元井 孝太郎","もとい こうたろう",37,"1987年01月19日","男","motoi_119@example.com","017-278-1460","070-6146-2022","030-5550","青森県青森市長島3-1-14エフコート315","374848781551668","03/28"
"佐々木 隆也","ささき たかや",76,"1948年01月10日","男","sasaki110@example.org","03-0100-3021","090-8847-0909","121-0749","東京都港区虎ノ門3-1-5アールヴェール605","379313407169887","08/26"
"山崎 敦史","やまざき あつし",70,"1953年08月28日","男","yamazaki_atsushi@example.net","03-3786-7111","080-5037-0790","203-6848","東京都葛飾区西新小岩3-1-10","5419644074964312","11/28"
"岩井 祐樹","いわい ゆうき",72,"1952年05月02日","男","iwaiyuuki@example.com","0480-67-0656","080-2505-9743","353-2806","埼玉県八潮市八潮1-3-4","378376699596555","11/25"
"池田 和子","いけだ かずこ",61,"1963年03月31日","女","ikeda_kazuko@example.jp","0494-68-6693","070-2675-8620","363-0149","埼玉県久喜市青毛4-2-4ルモン702","5578155689895467","04/27"
"沖野 貴志","おきの たかし",71,"1953年01月08日","男","takashi_okino@example.jp","0532-77-9934","050-5897-6499","483-1234","愛知県豊橋市西岩田4-1-4","371827657932114","05/25"
"重信 幸子","しげのぶ さちこ",43,"1980年07月21日","女","shigenobu_sachiko@example.com","03-8828-6029","050-1757-3671","124-3360","東京都渋谷区恵比寿1-1-7","378286741045792","03/26"
"椎名 俊介","しいな しゅんすけ",37,"1986年11月13日","男","shiina_1113@example.co.jp","0533-82-1667","090-0062-2993","452-7276","愛知県豊橋市佐藤2-2-9","4204730031714072","06/26"
"山本 小百合","やまもと さゆり",62,"1961年11月03日","女","yamamotosayuri@example.co.jp","06-8853-5235","080-8908-1470","593-9282","大阪府大阪市中央区平野町3-3-4","5300705367903192","10/24"
"川野 博和","かわの ひろかず",37,"1986年10月08日","男","hirokazukawano@example.net","03-0878-9091","070-2422-2892","135-1214","東京都杉並区宮前4-2-3","5145200290732255","03/28"
"坂本 崇之","さかもと たかゆき",53,"1970年09月28日","男","sakamoto928@example.net","03-3210-2077","050-3746-6950","116-7444","東京都江東区南砂2-1-21","4928713351738017","12/26"
"山本 博之","やまもと ひろゆき",62,"1962年02月11日","男","yamamoto_211@example.org","0438-46-3517","050-3906-8841","275-0471","千葉県千葉市美浜区高浜3-1-6サンライフ116","374848067511162","11/26"
"佐々木 ゆかり","ささき ゆかり",32,"1991年08月14日","女","sasaki814@example.org","03-8451-7939","070-8883-3760","180-4106","東京都町田市原町田3-3-3","375608879092747","03/25"
"畑中 麻紀","はたなか まき",72,"1951年07月02日","女","makihatanaka@example.ne.jp","06-6165-0008","080-9153-6572","590-8452","大阪府東大阪市俊徳町2-2-6ハウス106","4966409706322200","01/28"
"座間味 望","ざまみ のぞみ",48,"1976年01月26日","女","zamami_126@example.co.jp","03-0527-0076","090-3792-2683","153-5430","東京都杉並区高円寺北4-1-8","375268187137625","12/28"
"古川 悠司","ふるかわ ゆうじ",53,"1971年01月08日","男","yuuji_furukawa@example.org","0467-01-7728","050-7425-7935","235-5393","神奈川県川崎市多摩区東生田2-3-5","3553541570534451","05/29"
"豊田 大介","とよだ だいすけ",41,"1983年01月12日","男","toyodadaisuke@example.ne.jp","0238-80-6756","080-3986-8024","995-3447","山形県山形市成沢西3-3-11クレアヒルズ801","373401713574696","01/29"
"松浦 慎吾","まつうら しんご",24,"1999年12月27日","男","matsuurashingo@example.ne.jp","03-3613-5794","070-1140-1020","145-1545","東京都北区滝野川4-1-9","3576960458236034","02/27"
"池田 康友","いけだ やすとも",29,"1994年08月07日","男","ikeda_yasutomo@example.com","045-164-7207","090-8582-5001","231-2511","神奈川県藤沢市鵠沼神明1-2-9","5520744175354318","02/27"
"中井 雅人","なかい まさと",35,"1989年04月30日","男","nakai430@example.co.jp","0748-41-4499","080-9193-9867","523-2223","滋賀県大津市本堅田1-1-7","5312418188730838","04/28"
"岩山 高志","いわやま たかし",46,"1978年01月20日","男","iwayama120@example.org","0479-88-7454","050-5040-2554","278-2481","千葉県市原市西広3-1-19","5326339093202651","06/26"
"吉田 侑","よしだ ゆう",37,"1986年08月08日","その他・不明","yuuyoshida@example.net","0220-34-5171","070-4234-2417","983-2363","宮城県仙台市太白区茂庭台3-2-8","372398670598760","09/25"
"櫻井 洋介","さくらい ようすけ",54,"1970年02月28日","男","yousuke_sakurai@example.com","0820-37-8933","050-1565-1532","744-6886","山口県宇部市あすとぴあ4-1-5","5319926088253456","03/25"
"松岡 智美","まつおか ともみ",52,"1972年02月29日","女","tomomi_matsuoka@example.com","0791-17-4816","080-4440-8503","663-8574","兵庫県神戸市東灘区御影中町4-2-5","3529038584152736","09/24"
"岡野 英樹","おかの ひでき",24,"1999年10月13日","男","okano_hideki@example.jp","093-911-9755","050-0779-8263","832-0964","福岡県福岡市早良区原2-3-4","371207391738889","11/26"
"松本 洋子","まつもと ようこ",42,"1981年07月25日","女","youko_matsumoto@example.net","03-0954-7480","090-3185-2490","186-7675","東京都世田谷区下馬3-1-15","4197226478802842","10/28"
"野中 明広","のなか あきひろ",20,"2003年10月30日","男","nonaka_akihiro@example.ne.jp","0533-07-3722","070-9725-2130","479-3051","愛知県名古屋市中区栄2-1-14","4789659216884215","11/26"
"森田 崇","もりた たかし",29,"1994年10月17日","男","morita1017@example.net","03-5477-1259","050-9926-4107","149-1530","東京都港区南青山3-3-11","4357577040615252","02/25"
"北村 剛","きたむら つよし",35,"1988年11月21日","男","kitamura1121@example.com","06-5254-8597","050-3609-8460","585-7814","大阪府東大阪市日下町3-5-14","376166830736570","10/27"
"山田 真弓","やまだ まゆみ",78,"1946年01月07日","その他・不明","yamada_mayumi@example.jp","0225-01-8625","080-3755-7850","986-2120","宮城県仙台市青葉区一番町4-2-7","3587945816602602","03/25"
"山岸 春香","やまぎし はるか",44,"1980年06月12日","その他・不明","yamagishiharuka@example.com","0799-90-7970","080-1362-1304","651-0551","兵庫県西宮市仁川町1-4-9ネオダイキョー206","5376494123063232","08/27"
"川崎 翔","かわさき しょう",52,"1971年12月30日","男","shoukawasaki@example.org","06-6021-7014","090-8802-0813","588-9088","大阪府大阪市中央区南船場1-4-16","5291864787655774","05/28"
"柳 卓哉","やなぎ たくや",24,"1999年11月02日","男","yanagi112@example.ne.jp","03-2181-0136","070-9073-1045","115-6141","東京都練馬区中村北2-5-5","372312366883006","04/25"
"小田 智明","おだ ともあき",43,"1981年02月05日","男","oda_tomoaki@example.org","03-2317-2115","050-1462-7468","100-3490","東京都中央区日本橋本石町2-3-5","373642607319744","05/28"
"久保田 真利子","くぼた まりこ",43,"1981年03月21日","その他・不明","kubota321@example.com","0467-18-9595","090-2683-2997","251-4801","神奈川県川崎市幸区塚越2-2-9","375204429859924","12/27"
"佐々木 和寿","ささき かずとし",64,"1960年01月02日","男","kazutoshisasaki@example.org","0979-59-2635","080-8880-2577","874-2364","大分県大分市生石3-1-9","4113767953515665","03/27"
"鈴木 浩子","すずき ひろこ",20,"2004年04月04日","女","suzuki_44@example.jp","03-6882-6082","070-9697-3544","122-3594","東京都江戸川区平井2-2-18","3535465771077727","08/25"
"安立 章裕","あだち あきひろ",23,"2001年05月15日","男","adachiakihiro@example.co.jp","0465-28-1265","050-1357-3311","233-1012","神奈川県相模原市南区新磯野2-5-19","3585381222094667","05/27"
"小宮山 徹","こみやま とおる",34,"1990年05月07日","男","komiyama_tooru@example.jp","06-0258-5054","090-3732-0532","543-1326","大阪府大阪市中央区南久宝寺町1-1-6","4751078015069387","04/25"
"米山 卓郎","よねやま たくろう",27,"1997年05月18日","男","takurou_yoneyama@example.jp","0167-28-7122","090-1251-9827","043-9583","北海道札幌市西区西野一条2-5-5","375036498574129","01/25"
"山形 義和","やまがた よしかず",29,"1994年07月19日","男","yamagata719@example.jp","06-3736-0941","090-4201-5346","551-0878","大阪府大阪市港区弁天3-4-907","376114606824543","09/26"
"矢野 良太","やの りょうた",20,"2003年08月18日","男","ryouta_yano@example.org","06-8074-6409","080-2112-0102","555-9050","大阪府八尾市南太子堂3-5-5","379889083485457","08/28"
"木瀬 浩一","きせ こういち",72,"1952年03月04日","男","kise_34@example.com","03-6997-3664","090-7971-6494","132-6419","東京都港区麻布十番2-1-6サンヴィラ510","372854332312784","06/29"
"酒井 悟","さかい さとる",34,"1989年10月20日","男","satorusakai@example.jp","0795-18-6828","050-8656-4264","666-4923","兵庫県神戸市灘区永手町3-4-1207","3554682479189200","11/28"
"小林 文人","こばやし ふみひと",59,"1965年01月21日","男","fumihitokobayashi@example.co.jp","0476-20-5798","050-4272-8553","298-8009","千葉県市川市市川南3-4-14","5587758650541330","05/28"
"西山 丈雄","にしやま たけお",20,"2004年02月13日","男","nishiyama213@example.jp","0123-05-7255","090-5490-3168","042-5990","北海道札幌市清田区清田一条1-2-9","5165148294221590","02/28"
"中山 円","なかやま まどか",46,"1977年12月24日","女","nakayama_1224@example.ne.jp","042-791-1945","080-7568-1702","352-7159","埼玉県新座市野火止4-3-3","5399564508952010","04/25"
"中嶋 めぐみ","なかじま めぐみ",51,"1973年05月16日","女","nakajima_megumi@example.ne.jp","03-5795-7274","050-4320-2496","199-8305","東京都新宿区西新宿1-5-8","3548652760350281","09/26"
"鈴木 邦弘","すずき くにひろ",36,"1988年02月29日","男","suzuki229@example.org","06-8405-8287","090-0137-4828","592-7577","大阪府大阪市中央区本町3-3-20","5518921091378282","04/29"
"大宮 隆太","おおみや りゅうた",28,"1996年02月05日","男","omiyaryuuta@example.net","03-1353-1767","050-9280-8438","106-0508","東京都港区高輪1-2-6","5387900489232465","04/27"
"山下 大介","やました だいすけ",60,"1963年10月10日","男","yamashita1010@example.ne.jp","0798-53-1105","090-1326-5339","670-0564","兵庫県明石市朝霧南町3-3-3レスタージュ406","5195933920414659","09/26"
"岩竹 由衣","いわたけ ゆい",51,"1972年09月21日","女","yui_iwatake@example.com","078-071-0878","050-1371-8432","677-6449","兵庫県尼崎市南武庫之荘1-2-4","4513477355030851","01/25"
"池田 健児","いけだ けんじ",68,"1956年03月18日","男","ikeda_318@example.ne.jp","03-5265-2843","050-8739-6230","161-9936","東京都台東区池之端3-3-504","372076739331569","06/27"
"澤田 祐介","さわだ ゆうすけ",39,"1984年07月07日","男","yuusukesawada@example.ne.jp","044-628-3930","090-4068-7829","242-4531","神奈川県横浜市中区元町1-2-13","4015655963558065","01/26"
"宮本 直樹","みやもと なおき",37,"1986年11月28日","男","naoki_miyamoto@example.ne.jp","0466-22-4963","090-8220-4552","233-0365","神奈川県海老名市河原口2-3-6","377980935841633","09/24"
"早川 良平","はやかわ りょうへい",78,"1945年11月16日","男","hayakawa1116@example.com","03-7545-2602","070-7172-8748","106-1976","東京都狛江市岩戸北2-3-19","4495808853327823","06/25"
"菅野 州平","かんの しゅうへい",51,"1972年10月06日","男","kanno106@example.com","06-6039-5212","050-0252-1359","540-7233","大阪府大阪市淀川区西中島2-4-1104","5358158260519742","06/29"
"津田 よしえ","つだ よしえ",38,"1986年04月10日","女","yoshietsuda@example.ne.jp","0986-44-8784","080-7342-7394","898-6776","鹿児島県鹿児島市南栄2-2-8","5225997091725049","05/27"
"山根 麻優子","やまね まゆこ",30,"1993年06月28日","女","yamane_628@example.ne.jp","03-5790-3825","090-5117-5255","203-3433","東京都東村山市本町2-5-17","3574628778111763","08/26"
"敦賀 敏弘","つるが としひろ",61,"1962年08月01日","男","tsuruga_81@example.ne.jp","03-0958-0280","070-4932-9237","134-3052","東京都港区白金台3-2-7","4392856514167298","06/29"
"堀之内 たかゆき","ほりのうち たかゆき",23,"2000年11月26日","男","horinouchi_takayuki@example.ne.jp","0763-79-0433","050-7457-2893","935-8746","富山県富山市田中町2-2-6","4572587482080963","10/26"
"渥美 陽子","あつみ ようこ",55,"1968年07月11日","女","atsumi_711@example.co.jp","03-5817-5103","090-7600-7320","193-4706","東京都江戸川区臨海町1-3-12","4879886353830252","01/28"
"井上 隆二","いのうえ りゅうじ",62,"1961年08月09日","男","inoue_89@example.ne.jp","0476-18-1578","090-7174-9617","269-1997","千葉県浦安市猫実1-3-608","4093052152509601","11/28"
"椿原 典子","つばきはら のりこ",30,"1993年09月05日","女","tsubakihara_noriko@example.jp","03-4248-9629","050-9598-2680","156-2516","東京都台東区千束1-2-7","374704836408539","10/28"
"細野 典子","ほその のりこ",74,"1949年11月09日","女","hosono119@example.ne.jp","04-9135-4383","090-2785-8746","276-4379","千葉県柏市増尾台2-1-18","3549867471987952","06/27"
"増田 沙織","ますだ さおり",73,"1950年07月21日","女","saori_masuda@example.com","03-9087-8935","070-5806-6934","182-8736","東京都江戸川区船堀3-2-802","4507167182527330","08/26"
"石原 小百合","いしはら さゆり",34,"1989年12月26日","女","ishihara_sayuri@example.jp","0460-44-9617","050-4579-2282","255-0477","神奈川県横浜市瀬谷区瀬谷4-1-5","3584486921227228","04/28"
"松田 雄介","まつだ ゆうすけ",48,"1976年02月25日","男","matsuda_yuusuke@example.ne.jp","0564-74-0650","080-9330-6032","472-1319","愛知県津島市立込町1-5-22","378280301165603","12/24"
"今井田 寛子","いまいだ ひろこ",23,"2001年03月31日","女","imaida_hiroko@example.jp","01558-6-2322","090-9912-6300","053-9452","北海道滝川市新町4-1-7","5400617782092460","10/27"
"門田 貴之","かどた たかゆき",39,"1985年04月25日","男","kadota425@example.com","045-002-4905","070-5071-5764","251-9909","神奈川県横須賀市三春町2-3-3","378262814766531","04/26"
"尾崎 麻理子","おざき まりこ",47,"1976年12月09日","女","marikoozaki@example.org","03-8768-1650","070-3698-6960","139-6891","東京都渋谷区代々木3-1-7","3541478373770641","09/24"
"山口 寛","やまぐち ひろし",55,"1968年08月26日","男","yamaguchi_hiroshi@example.ne.jp","06-5355-5674","070-3620-4942","539-5214","大阪府交野市星田3-2-6","5257240663054907","03/26"
"山内 寿一","やまうち としかず",51,"1973年04月04日","男","yamauchi_toshikazu@example.jp","06-9471-6072","050-8578-3367","547-4121","大阪府大阪市西区新町1-4-803","378209703278763","11/28"
"中村 士郎","なかむら しろう",65,"1959年02月17日","男","nakamura_shirou@example.ne.jp","0773-05-3910","050-9577-5487","612-7975","京都府木津川市兜台2-1-11","4940612888498364","04/29"
"高橋 剛","たかはし つよし",27,"1996年11月27日","男","tsuyoshitakahashi@example.ne.jp","03-9120-8601","050-8468-7492","136-2406","東京都港区高輪1-1-3","3560752423276916","12/24"
"武山 智之","たけやま ともゆき",53,"1970年07月20日","男","takeyama_tomoyuki@example.co.jp","0845-60-5107","080-6569-8836","729-2949","広島県広島市中区大手町1-2-3","370072288171425","11/26"
"大辻 哲男","おおつじ てつお",26,"1998年05月07日","男","otsujitetsuo@example.org","0135-51-3896","090-8085-2269","062-2886","北海道札幌市中央区宮の森三条3-2-509","4096792850352013","01/29"
"塩谷 覚","しおや さとる",55,"1969年04月11日","男","satoru_shioya@example.jp","0258-59-4482","090-3872-2797","946-3911","新潟県新潟市東区物見山2-3-3クレアシティ711","4689850767243395","07/27"
"池浦 修一","いけうら しゅういち",39,"1985年01月24日","男","shuuichiikeura@example.jp","03-3316-7768","080-9515-0082","158-8545","東京都港区港南3-2-10セレッソコート810","379372181355633","11/28"
"坂田 英二","さかた えいじ",43,"1981年06月03日","男","sakata_63@example.org","01656-9-5266","070-4630-2492","066-2412","北海道留萌市末広町3-1-8","4997462005132260","02/26"
"西原 光司","にしはら こうじ",34,"1989年11月27日","男","kojinishihara@example.ne.jp","03-7217-6521","080-1446-0254","130-8845","東京都東大和市狭山3-2-12","4046814638443962","09/26"
"山尾 尚","やまお なお",68,"1955年12月04日","男","yamaonao@example.net","06-3332-1954","080-1507-3597","568-4802","大阪府高槻市宮之川原1-1-1204","3531723486985947","07/28"
"谷川 健治","たにがわ けんじ",30,"1993年09月25日","男","tanigawa_925@example.com","046-441-9511","050-9152-9618","237-9940","神奈川県横浜市鶴見区鶴見中央3-3-6","371580758842696","11/26"
"阪口 美加","さかぐち みか",26,"1997年12月04日","女","sakaguchi124@example.com","019-149-8666","050-4422-2250","029-4929","岩手県盛岡市北飯岡3-1-301","5260656736472260","09/24"
"渋谷 広基","しぶや ひろき",45,"1978年12月16日","男","hiroki_shibuya@example.co.jp","0463-85-9316","070-2737-8464","234-4748","神奈川県横浜市都筑区茅ケ崎南3-2-4","5524176849676915","06/27"
"田中 聖子","たなか せいこ",57,"1966年10月27日","女","seikotanaka@example.net","0479-87-8873","080-7560-1214","287-5473","千葉県船橋市本町2-3-8ヴェルドール510","4192492166460021","08/28"
"金山 洋","かなやま ひろし",30,"1993年07月03日","男","kanayamahiroshi@example.org","03-0724-4805","070-7729-3668","176-3567","東京都品川区東大井3-3-10","371624427380306","12/26"
"溝渕 隆嗣","みぞぶち りゅうじ",57,"1966年08月12日","男","mizobuchi_812@example.net","0798-49-0132","080-6205-3153","655-5970","兵庫県神戸市中央区割塚通1-2-3","3543666575160037","06/26"
"岸 美希","きし みき",57,"1967年04月11日","女","kishi_miki@example.jp","046-022-1062","080-1656-4183","215-4593","神奈川県川崎市多摩区長尾2-2-14","3587847967236638","04/28"
"本郷 英克","ほんごう ひでかつ",77,"1946年11月03日","男","hongou_hidekatsu@example.org","03-3133-4231","090-7583-2176","195-7639","東京都江東区森下1-2-5","4438500228649235","08/28"
"岩本 美恵","いわもと みえ",31,"1993年01月10日","その他・不明","iwamoto_mie@example.org","03-6782-4792","090-8273-1353","190-5380","東京都大田区西六郷4-2-3","3550450771058554","01/26"
"鈴木 祥子","すずき しょうこ",78,"1946年04月29日","女","suzukishouko@example.co.jp","03-0750-7135","090-6837-7272","178-4323","東京都中央区日本橋本町1-1-10","5237196525606992","12/24"
"仲山 幸彦","なかやま ゆきひこ",71,"1952年09月14日","男","nakayama_914@example.com","0567-82-9946","050-5046-5333","489-7953","愛知県刈谷市寿町1-2-8","3575222110984019","01/25"
"篠田 雄三","しのだ ゆうぞう",79,"1944年11月30日","男","yuuzou_shinoda@example.jp","03-5745-2159","090-1294-0755","123-7376","東京都中央区日本橋本石町2-3-14","372287475173780","06/26"
"長沼 里美","ながぬま さとみ",71,"1953年04月08日","その他・不明","satomi_naganuma@example.net","03-8702-1339","070-8807-2860","157-7137","東京都港区白金台2-3-21","5580727960131824","07/24"
"本多 邦彦","ほんだ くにひこ",62,"1962年06月19日","男","honda619@example.net","03-7367-3386","090-9200-3665","162-7964","東京都中野区東中野4-1-10","5550588429836866","07/27"
"梅澤 雄一","うめざわ ゆういち",27,"1996年09月19日","男","yuuichi_umezawa@example.net","0465-41-1227","080-3739-7467","246-7436","神奈川県鎌倉市由比ガ浜2-2-7アンビエント407","3589012498196946","01/28"
"平岩 弘貴","ひらいわ ひろき",37,"1986年08月03日","男","hiraiwa_hiroki@example.org","03-3602-2897","080-1558-0436","126-2344","東京都足立区西新井1-4-21","3578399074127830","11/24"
"橘 絵美","たちばな えみ",20,"2003年12月27日","女","tachibana1227@example.net","0885-01-1614","090-5526-0151","777-8832","徳島県徳島市南昭和町2-1-5ニューライフ303","4842778790563717","11/25"
"藤井 咲子","ふじい さきこ",34,"1990年01月31日","女","fujii131@example.org","0126-27-5500","070-5725-3412","094-5461","北海道千歳市信濃3-4-8セントローリエ115","5124252144515274","02/29"
"小野寺 喜久子","おのでら きくこ",29,"1995年04月09日","女","onodera49@example.ne.jp","0155-02-8024","070-7328-6640","087-0796","北海道札幌市北区北十一条西3-3-3","377977484345248","09/27"
"久我 明人","くが あきひと",56,"1967年12月23日","男","kuga_1223@example.co.jp","06-1691-9330","070-8797-1654","531-9424","大阪府大阪市淀川区加島3-2-18スカイマンション705","5493425260041720","08/24"
"向井 雅美","むかい まさみ",30,"1994年01月12日","男","mukai_masami@example.net","03-7496-3293","050-2435-0072","141-4320","東京都江東区新木場2-2-21","4153875690662327","07/25"
"若井 あおい","わかい あおい",53,"1970年09月27日","女","wakaiaoi@example.co.jp","03-8991-2619","080-8535-9026","179-4738","東京都荒川区東尾久3-4-201","5141561509014254","11/25"
"小川 雅巳","おがわ まさみ",66,"1958年01月19日","男","ogawamasami@example.ne.jp","0569-26-4726","090-5655-9361","445-3292","愛知県名古屋市中村区稲葉地町2-2-3","5449145863214228","09/27"
"半田 友紀","はんだ ともき",39,"1984年11月10日","女","handa_1110@example.jp","03-8332-5119","090-5638-1307","195-6860","東京都八王子市子安町4-2-9","4797897550004152","03/26"
"岩崎 宏","いわさき ひろし",54,"1969年12月05日","男","hiroshi_iwasaki@example.com","03-9027-8380","090-9980-8818","107-5728","東京都中野区沼袋2-5-3プレステージ211","374345973199802","03/25"
"赤木 幸治","あかぎ こうじ",27,"1996年12月04日","男","akagi_koji@example.jp","0791-80-0730","090-6647-5238","666-2471","兵庫県伊丹市南野1-3-8","5513127433579570","01/27"
"松尾 美千子","まつお みちこ",32,"1992年03月29日","女","matsuomichiko@example.net","03-4627-0792","050-3498-8910","175-5733","東京都練馬区春日町1-1-704","374008062234977","01/28"
"永田 康彦","ながた やすひこ",35,"1989年01月08日","男","nagata_yasuhiko@example.co.jp","083-851-7545","070-2478-6690","750-8456","山口県宇部市東梶返1-3-14","4782409894433555","01/25"
"川上 英樹","かわかみ ひでき",50,"1973年07月15日","男","kawakami_hideki@example.ne.jp","0438-42-2587","070-9804-4856","285-7089","千葉県習志野市藤崎1-3-22ガーデンハイツ312","379319328907354","06/25"
"藤井 真","ふじい まこと",29,"1994年11月09日","男","fujiimakoto@example.net","06-0072-9288","080-8048-5958","589-9068","大阪府大阪市大正区鶴町3-3-603","4226566688520337","10/25"
"桑山 愛梨","くわやま あいり",73,"1951年03月11日","女","kuwayama_airi@example.ne.jp","06-1911-4124","090-5811-3912","585-4687","大阪府大阪市平野区加美正覚寺2-3-3ネオグランデ302","4792233754436526","08/26"
"佐々木 和彦","ささき かずひこ",36,"1988年02月17日","男","kazuhiko_sasaki@example.co.jp","03-2968-6304","050-0922-3232","205-9808","東京都江東区亀戸1-1-408グランドメゾン505","3531637287703582","06/28"
"坪井 大介","つぼい だいすけ",39,"1984年12月23日","男","tsuboi1223@example.org","03-8205-6142","080-2206-7770","176-9097","東京都台東区元浅草1-5-609","5558557485041242","05/26"
"岡田 尚幸","おかだ なおゆき",27,"1996年11月25日","男","naoyuki_okada@example.jp","03-2779-5532","070-2132-8395","127-5532","東京都三鷹市中原4-2-9","379189304277936","07/28"
"服部 裕美子","はっとり ゆみこ",57,"1967年01月05日","女","yumikohattori@example.jp","0436-21-8057","080-9831-6312","274-2863","千葉県浦安市富岡4-1-8","3572095214189294","07/26"
"内海 隆史","うつみ たかし",35,"1988年11月11日","男","utsumi1111@example.com","06-2552-3014","090-9446-7708","537-0621","大阪府大阪狭山市池之原3-1-3","5521333378650257","12/28"
"小林 佳史","こばやし よしふみ",42,"1982年03月09日","男","kobayashi_39@example.jp","03-9446-0965","050-9383-4723","187-3028","東京都渋谷区神宮前3-4-22","4272685646178476","07/24"
"市川 仁","いちかわ ひとし",22,"2001年11月28日","男","ichikawa1128@example.org","03-8209-9972","070-6185-0970","125-8490","東京都新宿区西新宿4-2-4","3586766642440293","02/27"
"久保田 裕樹","くぼた ゆうき",79,"1945年06月04日","男","kubota_64@example.com","03-7706-4249","090-8261-6555","183-1164","東京都杉並区西荻南3-3-8","3563634767867129","01/25"
"森安 雅","もりやす まさし",47,"1976年09月03日","その他・不明","moriyasu93@example.jp","044-564-7070","080-0000-7472","217-3977","神奈川県海老名市杉久保北2-5-15","4026771694504745","09/26"
"田口 悠佑","たぐち ゆうすけ",51,"1972年09月13日","男","taguchi_913@example.co.jp","03-7714-4905","090-8064-0913","149-6078","東京都港区高輪2-3-4","3531112579607347","04/25"
"山田 佐和子","やまだ さわこ",52,"1972年05月15日","女","yamada_515@example.jp","06-5907-6253","090-1998-9236","535-1872","大阪府大阪市中央区南船場3-1-3","371995450581741","04/28"
"柴田 佳祐","しばた けいすけ",53,"1970年10月19日","男","shibata_1019@example.jp","046-012-4334","050-7852-5148","245-3777","神奈川県座間市緑ケ丘2-1-907","5318705759169485","07/26"
"山口 真太朗","やまぐち しんたろう",28,"1996年06月19日","男","shintarou_yamaguchi@example.co.jp","03-2629-5695","050-6003-2515","122-3317","東京都墨田区江東橋2-3-7","5167123810928596","03/28"
"高橋 健太郎","たかはし けんたろう",74,"1949年11月24日","その他・不明","takahashi_kentarou@example.org","06-0653-0117","090-7016-6333","555-6802","大阪府大阪市住吉区長居東3-1-14","3568376496363047","10/25"
"別府 周平","べっぷ しゅうへい",60,"1963年10月02日","男","beppu_102@example.co.jp","03-0811-4376","050-3622-4399","201-8254","東京都品川区大崎2-1-11ブリリア802","371487479178576","03/29"
"服部 祐太","はっとり ゆうた",73,"1951年02月22日","男","yuuta_hattori@example.co.jp","0460-89-9151","050-0692-2686","245-8332","神奈川県川崎市麻生区はるひ野3-2-10","370723007328817","06/25"
"今井 雅志","いまい まさし",41,"1982年08月26日","男","imaimasashi@example.co.jp","06-2583-9887","070-0784-9255","541-6408","大阪府大阪市中央区南船場1-2-10アービング214","4199729434331994","09/28"
"坂本 智里","さかもと ちさと",23,"2000年12月03日","女","chisato_sakamoto@example.net","03-9835-8083","090-5483-9195","159-3185","東京都江戸川区北小岩1-2-5","5483871567773840","03/26"
"森田 有里","もりた ゆり",24,"1999年11月29日","女","morita_1129@example.com","03-6219-6026","070-2728-2371","157-1146","東京都町田市原町田1-4-208","374535953806257","10/27"
"長谷川 誠","はせがわ まこと",57,"1967年05月09日","男","hasegawa59@example.ne.jp","0568-14-7892","070-9984-6732","470-1550","愛知県津島市藤浪町1-4-904","4548083113221573","03/29"
"工藤 友美","くどう ゆみ",41,"1982年07月27日","女","kudou727@example.jp","03-9844-1828","050-3945-9286","194-5482","東京都目黒区目黒3-1-9","3585374054536657","05/29"
"北原 寿江","きたはら ひさえ",62,"1961年11月13日","女","hisae_kitahara@example.ne.jp","03-5530-6034","050-9058-8253","144-0814","東京都江戸川区東葛西2-3-206","374564507486598","03/29"
"上出 典男","かみで のりお",60,"1963年10月23日","男","kamide_norio@example.net","03-4956-3839","080-6669-5780","139-2819","東京都世田谷区松原2-4-15","5499658031327481","09/24"
"伊藤 美貴子","いとう みきこ",52,"1972年05月23日","女","ito_523@example.org","08396-1-1686","070-4559-3966","748-4599","山口県宇部市西平原1-3-4","4509504627100158","03/25"
"堤 等","つつみ ひとし",77,"1946年11月09日","男","tsutsumi119@example.com","06-4274-2100","050-6401-4925","557-7792","大阪府八尾市宮町2-2-5","4253140067029272","05/28"
"武市 直子","たけいち なおこ",42,"1982年04月14日","女","naokotakeichi@example.org","03-6654-6038","090-5945-8962","123-3039","東京都板橋区西台4-3-4","374969530416340","01/25"
"畑中 俊","はたなか しゅん",57,"1966年07月25日","女","hatanaka_shun@example.com","03-4901-4129","050-9374-8652","162-7160","東京都豊島区長崎2-3-7","4954179940788920","06/27"
"川口 園子","かわぐち そのこ",54,"1969年09月12日","女","kawaguchisonoko@example.co.jp","0949-19-4477","050-9639-7074","801-0766","福岡県福岡市博多区博多駅前3-2-7","5322525819464351","10/27"
"松本 惠","まつもと めぐみ",37,"1987年06月14日","女","matsumoto_614@example.com","0153-61-9057","090-1761-1925","007-9361","北海道札幌市手稲区西宮の沢二条3-4-16パークナード311","4599298555390904","10/28"
"古城 千尋","こじょう ちひろ",66,"1957年12月22日","女","kojou1222@example.ne.jp","0463-99-4566","090-8796-7159","252-1732","神奈川県横浜市南区吉野町2-4-509ハイツオークラ116","3565220838049216","07/26"
"林 裕和","はやし ひろかず",59,"1964年09月04日","男","hayashi94@example.ne.jp","0950-27-3235","090-4532-8607","859-5491","長崎県長崎市小江原3-3-3","3572833715758948","06/27"
"藤井 敬介","ふじい けいすけ",69,"1955年06月18日","男","keisuke_fujii@example.net","0930-07-9087","070-0223-2817","832-6425","福岡県糸島市潤2-5-707","3541367495677034","12/26"
"亀山 功二","かめやま こうじ",58,"1965年10月29日","男","kameyama_koji@example.co.jp","0952-24-1072","050-3754-7143","849-9105","佐賀県佐賀市兵庫北4-2-3","374667068477250","02/28"
"天野 博久","あまの ひろひさ",37,"1987年06月02日","男","amanohirohisa@example.net","03-5586-2538","080-0977-2178","103-8163","東京都西多摩郡瑞穂町長岡2-4-7","3556914429551447","10/28"
"桜井 孝","さくらい たかし",21,"2003年05月13日","男","takashisakurai@example.com","06-4994-1407","050-6755-2478","569-0435","大阪府大阪市東淀川区東中島2-2-6","3543916193641276","12/27"
"上谷 知和","うえたに ともかず",60,"1964年04月04日","男","uetani44@example.jp","03-0448-8452","050-5127-9675","134-8315","東京都港区白金台2-5-18","376075456416369","02/26"
"藤谷 典子","ふじたに のりこ",28,"1996年03月06日","女","fujitani36@example.jp","0576-69-7626","050-6525-4978","509-0751","岐阜県岐阜市水海道3-4-303","3579073866458120","10/28"
"高橋 千鶴","たかはし ちづる",56,"1968年03月08日","女","chizuru_takahashi@example.net","0967-22-9669","050-2543-3132","868-4702","熊本県熊本市東区長嶺東3-1-8","3583639401014638","05/25"
"寺原 和也","てらはら かずや",50,"1974年06月02日","男","kazuyaterahara@example.ne.jp","048-938-5401","080-9035-6739","351-1206","埼玉県三郷市新和3-4-22","4683012674100533","11/26"
"今村 博幸","いまむら ひろゆき",60,"1963年07月29日","男","imamura_hiroyuki@example.org","0480-73-6914","080-2800-2087","348-2877","埼玉県川口市並木1-2-1001","3536814984368275","11/26"
"遠山 智子","とおやま ともこ",71,"1953年02月11日","女","tooyama211@example.org","0467-91-8148","050-1368-4211","210-1754","神奈川県横須賀市根岸町1-5-21","370502407292694","09/24"
"青木 正樹","あおき まさき",39,"1984年09月03日","男","masakiaoki@example.jp","0776-30-9812","080-7554-5522","910-9259","福井県福井市大宮1-5-3","5537351586798330","10/28"
"萬田 真悟","まんだ しんご",71,"1952年12月30日","男","manda_1230@example.org","06-3431-6030","050-1409-7089","572-9018","大阪府大東市野崎1-3-17","379041689415385","08/28"
"植松 正志","うえまつ まさし",70,"1954年02月13日","男","uematsu_masashi@example.jp","04-3123-7398","050-4254-4092","334-8888","埼玉県さいたま市浦和区針ヶ谷3-3-4サンマンション705","5429373945337049","07/25"
"熊谷 光","くまがい ひかる",75,"1949年01月29日","男","kumagai_129@example.co.jp","0265-35-6839","080-8134-3739","398-4058","長野県長野市稲里町中央4-2-8","3585239319693330","02/29"
"石内 天","いしうち てん",20,"2004年01月01日","男","tenishiuchi@example.org","03-8553-0787","050-2899-9976","140-2538","東京都港区南麻布3-3-7","374380460481736","04/27"
"大川 賢吾","おおかわ けんご",70,"1953年07月29日","男","okawa729@example.jp","01397-1-4124","090-6538-9299","065-0738","北海道札幌市中央区南九条西1-2-4","3549939778026956","06/27"
"後藤 美奈子","ごとう みなこ",38,"1986年03月12日","女","goto_minako@example.net","06-1508-5374","090-4527-4103","575-8429","大阪府摂津市鳥飼本町3-2-5","5424350828335626","03/26"
"三宅 俊輔","みやけ しゅんすけ",22,"2002年02月20日","その他・不明","miyake_220@example.com","03-9919-1814","070-2463-8888","107-0620","東京都中央区八丁堀3-5-803","4005923838225795","04/29"
"岩崎 侑子","いわさき ゆうこ",34,"1989年10月15日","女","iwasaki_yuuko@example.net","0794-96-2358","080-8855-0288","665-7783","兵庫県神戸市須磨区戎町2-5-12","4465758080597563","02/25"
"太田 ひとみ","おおた ひとみ",45,"1979年03月31日","女","hitomiota@example.com","03-5005-3574","080-0844-4461","195-2961","東京都新宿区新宿2-1-5ソルステージュ213","3538862562350460","12/24"
"原 大輔","はら だいすけ",37,"1987年05月04日","男","hara54@example.net","0823-61-3742","070-7362-4556","730-1459","広島県広島市安芸区中野東2-2-4","4621576047309653","07/28"
"千本 健","ちもと けん",26,"1997年12月26日","その他・不明","chimoto_1226@example.net","0847-80-4043","080-9990-5510","739-8433","広島県安芸郡府中町大須1-1-5","3551948665310303","12/27"
"中村 法子","なかむら のりこ",55,"1969年06月06日","女","nakamura_66@example.jp","03-5387-1495","070-0834-3950","170-0497","東京都港区赤坂3-3-12","4324477271535008","02/25"
"田和 ゆかこ","たわ ゆかこ",80,"1943年07月29日","女","tawa729@example.co.jp","0952-31-8412","070-8773-4401","849-6476","佐賀県佐賀市兵庫北4-2-3","4800399925592586","03/26"
"松倉 京子","まつくら きょうこ",50,"1974年03月09日","女","matsukura_39@example.net","078-048-4960","080-1470-7348","650-9787","兵庫県神戸市灘区都通1-1-10","376084025936378","02/25"
"川口 耕平","かわぐち こうへい",58,"1965年07月15日","男","kawaguchi_kohei@example.ne.jp","06-0817-9898","070-7941-6316","578-0146","大阪府大阪市中央区南船場1-1-908","372962055928734","06/29"
"江端 進一","えばた しんいち",50,"1973年07月04日","男","shinichi_ebata@example.com","03-4357-3163","070-2043-8513","180-3327","東京都目黒区上目黒3-3-8","5497232807735087","10/26"
"沖 礼子","おき れいこ",68,"1955年09月06日","女","oki96@example.co.jp","045-241-1013","080-1183-5560","226-3318","神奈川県鎌倉市由比ガ浜1-1-402","3563851403316713","11/28"
"中山 明人","なかやま あきひと",63,"1960年11月23日","男","nakayamaakihito@example.net","04-6201-1532","090-1558-9498","345-1857","埼玉県吉川市きよみ野3-2-1006","373219408240153","06/28"
"清水 恵理子","しみず えりこ",39,"1985年01月14日","女","erikoshimizu@example.com","0796-88-2206","070-7315-8500","666-5526","兵庫県神戸市西区北別府2-5-21","5439522872066157","10/28"
"新海 和","しんかい かず",21,"2003年01月22日","男","shinkaikazu@example.co.jp","0576-75-3601","080-9018-4054","505-3406","岐阜県大垣市南頬町3-1-6アメニティ409","4029351115651826","12/24"
"和田 洋","わだ ひろし",75,"1948年07月17日","男","wada717@example.com","06-9788-9090","090-1789-1840","552-8795","大阪府貝塚市東山3-1-3パルムハウス813","4484736538870219","01/26"
"十川 淳子","そがわ じゅんこ",68,"1956年01月14日","女","sogawa_junko@example.com","03-0211-2196","070-1184-2415","208-1555","東京都中央区銀座2-2-13","3546876568946105","01/27"
"原 秀仁","はら ひでじ",73,"1950年11月14日","男","hara_1114@example.ne.jp","0478-80-0434","090-5123-8933","271-6524","千葉県千葉市美浜区真砂1-2-9","5511055272674784","07/25"
"菊地 秀平","きくち しゅうへい",20,"2004年06月01日","男","kikuchishuuhei@example.co.jp","0955-77-4830","070-4632-7929","841-4248","佐賀県佐賀市神野東2-1-4","375536495320756","11/28"
"島田 浩之","しまだ ひろゆき",62,"1961年12月05日","男","shimada125@example.org","03-5694-0663","050-5773-9460","144-0774","東京都世田谷区給田2-3-7","374847696188434","05/29"
"徳永 知子","とくなが ともこ",35,"1989年05月09日","女","tomoko_tokunaga@example.jp","06-2480-9303","090-1649-0085","594-5857","大阪府大阪市中央区高麗橋2-2-3","371924398446312","05/29"
"水谷 由紀子","みずたに ゆきこ",39,"1985年05月28日","女","mizutani528@example.ne.jp","03-2124-4013","080-0964-0701","158-9052","東京都江東区東砂4-2-8","5279087069994440","05/29"
"岩屋 明大","いわや あきひろ",55,"1968年08月21日","男","akihiroiwaya@example.co.jp","0155-89-9556","070-7131-0429","060-4819","北海道北見市東三輪3-3-3","371466228244483","06/29"
"荻野 智子","おぎの ともこ",33,"1990年06月30日","女","oginotomoko@example.com","0744-07-8977","090-7914-8204","634-4740","奈良県五條市五條1-1-6","373011180613677","04/26"
"山崎 智絵","やまざき ちえ",48,"1976年04月04日","女","yamazakichie@example.com","08396-1-6162","050-1481-0163","741-2595","山口県下関市員光町3-5-16ヒルズ406","374387805119558","09/25"
"岡田 愛","おかだ あい",25,"1998年11月16日","女","okada_1116@example.net","011-822-1156","080-0941-1656","046-1561","北海道帯広市西二十一条南3-5-604グランディア805","3532557862184058","04/26"
"加瀬 俊朗","かせ としろう",49,"1975年05月19日","男","kase_519@example.co.jp","03-0638-0823","080-0847-2674","203-8983","東京都渋谷区神宮前2-5-1105","4877121722670763","10/24"
"高山 たけし","たかやま たけし",50,"1973年06月28日","男","takayamatakeshi@example.org","0294-83-8338","080-5218-0375","319-9687","茨城県日立市東町2-4-19","3564291613812020","01/28"
"橋本 大輔","はしもと だいすけ",68,"1956年03月27日","男","hashimoto_daisuke@example.co.jp","0439-93-2148","090-0974-5542","263-6589","千葉県船橋市習志野台3-1-506ラジュール713","4376590519817363","07/24"
"加藤 俊之","かとう としゆき",80,"1943年10月09日","男","katotoshiyuki@example.com","0299-51-2053","070-5004-9737","304-6132","茨城県つくば市二の宮1-5-16ディアステージ709","5121206691137356","07/24"
"古屋 朋也","ふるや ともや",58,"1966年03月21日","男","furuya_321@example.ne.jp","06-0712-5779","070-1540-6993","554-6937","大阪府八尾市本町2-5-15","5377349423771695","08/24"
"田野井 陽介","たのい ようすけ",56,"1968年05月31日","男","yousuke_tanoi@example.co.jp","03-1655-0732","050-5078-9396","155-3534","東京都港区南青山3-3-3","5461195340279776","05/25"
"久米 大輔","くめ だいすけ",27,"1997年06月25日","男","kume625@example.com","03-5207-3354","050-7806-9410","105-9048","東京都板橋区常盤台3-3-9","3570699526999076","04/25"
"小西 真一郎","こにし しんいちろう",59,"1964年11月06日","男","konishi_shinichirou@example.jp","0226-97-2342","050-9079-9946","988-5995","宮城県仙台市泉区泉ケ丘2-3-11","3530258666458986","12/28"
"太田 晴紀","おおた はるき",50,"1973年08月30日","男","ota_830@example.ne.jp","06-4609-8509","080-7746-1544","539-6720","大阪府大阪市鶴見区鶴見3-2-4","378801874915635","12/28"
"境 正信","さかい まさのぶ",22,"2001年07月11日","男","masanobu_sakai@example.org","025-194-2223","090-1551-1316","947-8709","新潟県新潟市西区五十嵐中島1-1-8","5558849057630530","12/25"
"甲斐 陽子","かい ようこ",66,"1958年04月03日","女","kaiyouko@example.net","0466-84-9424","080-0315-4223","234-8092","神奈川県横浜市西区花咲町1-3-5","373253382033433","07/25"
"徳光 美穂子","とくみつ みほこ",45,"1978年11月17日","女","mihoko_tokumitsu@example.org","03-4516-9434","070-5680-9406","188-4046","東京都新宿区北新宿4-2-6","4366688809458237","11/26"
"佐川 晴子","さがわ はるこ",80,"1943年11月06日","女","sagawa_haruko@example.org","06-3398-3728","050-8650-7265","592-6848","大阪府大阪市西区南堀江3-3-8","375517533138103","11/26"
"下村 吉朗","しもむら よしろう",67,"1956年08月19日","男","shimomura_819@example.ne.jp","0946-61-1836","050-7710-6853","834-5966","福岡県福岡市博多区博多駅前3-5-15","4350047303277635","09/27"
"佐藤 宏幸","さとう ひろゆき",57,"1966年10月21日","男","sato1021@example.net","03-5639-6539","070-2942-9214","177-3820","東京都板橋区板橋3-2-4","4577153667832226","08/25"
"湯川 千愛","ゆかわ ちえ",49,"1974年10月07日","女","yukawa_chie@example.jp","0747-38-8500","080-1190-1192","638-9069","奈良県五條市野原西1-4-207","3546247120730959","01/26"
"入江 大樹","いりえ たいき",28,"1995年12月16日","男","irietaiki@example.org","0465-76-3506","070-8882-5747","213-8435","神奈川県横須賀市坂本町3-2-11","5267275767963361","08/27"
"米川 祐介","よねかわ ゆうすけ",46,"1977年12月12日","男","yonekawayuusuke@example.co.jp","0798-22-6463","070-9092-4854","650-6515","兵庫県神戸市中央区北野町1-2-3アインス105","5321819106225232","06/28"
"辻 文崇","つじ ふみたか",71,"1953年05月13日","男","tsuji_fumitaka@example.com","03-5376-2417","080-5185-5958","100-1696","東京都品川区南大井3-5-203","379045638930915","03/26"
"塩谷 百花","しおや ももか",20,"2003年10月13日","女","momokashioya@example.net","0288-07-2451","050-3774-2559","320-1130","栃木県那須塩原市三島3-3-19","4258514812945088","02/28"
"北沢 忍","きたざわ しのぶ",32,"1991年12月31日","男","shinobu_kitazawa@example.ne.jp","0948-87-2775","090-1644-9030","830-3606","福岡県大野城市牛頸3-3-3リブコート302","376926892973415","07/25"
"北村 美和子","きたむら みわこ",63,"1961年04月07日","女","kitamura47@example.co.jp","0947-29-8411","090-8096-4584","836-7796","福岡県北九州市八幡西区千代3-1-1208","3560690426705871","10/25"
"田北 明美","たきた あけみ",77,"1947年04月09日","女","takita_49@example.org","0791-46-1276","090-7368-5168","677-7818","兵庫県宝塚市平井3-5-101","379934391601112","11/28"
"野村 薫","のむら かおる",26,"1998年04月04日","女","nomura_44@example.co.jp","0548-12-1892","070-3265-2110","418-9441","静岡県浜松市中区鴨江4-1-4","5385736855241298","07/24"
"岩城 大輔","いわき だいすけ",21,"2003年04月01日","男","iwaki_41@example.com","028-060-0067","090-4897-6334","327-5943","栃木県宇都宮市富士見が丘3-3-3","372803707346653","01/27"
"小笹 暢子","おざさ のぶこ",56,"1968年03月05日","女","ozasa_35@example.com","06-6201-3295","070-3182-9253","589-9922","大阪府豊中市中桜塚2-1-7","5468254808366782","09/24"
"織田 香","おだ かおり",48,"1976年06月08日","女","kaori_oda@example.net","03-9631-4811","070-2229-6170","124-4690","東京都杉並区高円寺南2-3-18","4881671395163136","06/26"
"岡田 千穂","おかだ ちほ",46,"1977年06月28日","女","chihookada@example.jp","0495-73-8486","090-0276-1608","342-6596","埼玉県本庄市日の出3-3-7","374419635129323","04/28"
"荒生 安史","あらお やすし",59,"1964年09月16日","男","yasushiarao@example.ne.jp","03-2043-5717","090-1876-7080","121-2249","東京都江戸川区東小岩3-2-4","4881241580869424","10/25"
"上原 伸光","うえはら のぶみつ",71,"1952年12月15日","男","ueharanobumitsu@example.co.jp","0836-77-5344","080-9739-7928","756-2888","山口県山口市中央2-3-7","4814447735954308","11/24"
"戸田 愛","とだ あい",68,"1955年10月27日","女","toda_1027@example.org","0980-31-1083","090-0238-9680","909-5839","沖縄県糸満市西崎町4-2-8パークハイム103","4964110728840805","03/29"
"杉浦 貴文","すぎうら たかふみ",42,"1981年09月01日","男","sugiura_takafumi@example.net","0220-96-2815","090-0130-8024","988-6765","宮城県仙台市青葉区中央3-2-506","5556249133993329","01/29"
"山口 康紀","やまぐち やすのり",75,"1948年09月01日","男","yamaguchi91@example.org","03-3648-5578","080-3377-1425","156-9381","東京都江東区亀戸3-3-18","5385978127830249","01/27"
"菅原 孝","すがわら たかし",46,"1977年11月16日","男","sugawara_takashi@example.ne.jp","0259-37-5242","080-3000-9121","947-8522","新潟県長岡市稲保2-3-503","3582003039528652","01/29"
"篠崎 明美","しのざき あけみ",65,"1958年12月03日","女","shinozaki_123@example.com","0125-37-1557","070-3172-7746","008-8243","北海道室蘭市港北町1-1-3","373975519555108","12/27"
"渡辺 早苗","わたなべ さなえ",62,"1961年11月21日","その他・不明","watanabe_sanae@example.org","06-4127-2343","090-8872-3628","577-6648","大阪府大阪市東淀川区東淡路1-1-108","379750257628308","06/25"
"倉田 翔太","くらた しょうた",23,"2001年02月19日","男","shoutakurata@example.jp","092-422-3563","090-6628-9274","836-1042","福岡県福岡市博多区博多駅前1-5-14","3584929152711170","10/25"
"石川 麻美","いしかわ あさみ",57,"1967年06月14日","女","ishikawa_614@example.jp","03-8070-5851","070-0799-4124","161-2427","東京都中野区本町2-5-804","5354135718491363","02/26"
"吉富 正太","よしとみ しょうた",36,"1987年11月28日","男","yoshitomi_shouta@example.ne.jp","03-9754-9883","090-7440-4681","197-8764","東京都足立区花畑2-1-10","372430851567411","04/27"
"中山 大輔","なかやま だいすけ",78,"1946年01月15日","男","nakayama_daisuke@example.org","0460-96-5074","070-9082-4419","212-0154","神奈川県相模原市南区相模台2-3-10グレイスロワ416","3564980578101540","06/28"
"品川 秀紀","しながわ ひでき",43,"1981年02月25日","その他・不明","hidekishinagawa@example.co.jp","09496-4-4441","080-7402-1557","805-6636","福岡県福岡市城南区別府4-2-5","3541852721234932","01/27"
"中野 翔太","なかの しょうた",25,"1998年09月11日","男","nakano911@example.ne.jp","03-8236-7519","090-0381-5059","135-1850","東京都江戸川区臨海町1-3-12","373158500186908","10/25"
"安井 克己","やすい かつみ",42,"1982年03月25日","男","katsumi_yasui@example.net","03-7223-5802","070-6983-8447","148-5880","東京都東久留米市本町3-5-402","378479930413679","07/25"
"塚本 由華","つかもと ゆか",26,"1998年04月22日","女","yukatsukamoto@example.org","06-7233-3120","090-7037-5375","563-4353","大阪府八尾市南太子堂3-5-5","377132817987825","03/25"
"奥田 晶子","おくだ しょうこ",40,"1983年12月22日","女","shoukookuda@example.net","01635-7-4664","090-8663-5100","077-6091","北海道留萌市南町1-3-17アーバンヴィレッジ809","5470219913310088","09/28"
"伊藤 雄一","いとう ゆういち",78,"1946年05月24日","男","ito_524@example.co.jp","06-1948-1349","090-9360-0120","565-4476","大阪府大阪市西区北堀江3-5-15","3545764146771792","05/29"
"堀越 宏樹","ほりこし ひろき",80,"1944年03月29日","男","horikoshi329@example.jp","03-3824-5902","070-3021-4582","131-3508","東京都江戸川区瑞江2-3-4","375542488889484","08/26"
"丸山 梨奈","まるやま りな",46,"1978年03月17日","女","maruyama317@example.com","0465-61-6902","090-8010-8686","233-5977","神奈川県相模原市中央区星が丘2-4-19ラフィネス616","3571097419700389","04/29"
"菅野 美樹","かんの みき",41,"1982年11月22日","女","mikikanno@example.co.jp","03-5066-0422","070-9502-2915","123-1381","東京都新宿区西落合3-4-5ヴェルドール506","372507901279657","11/26"
"柴田 貴久","しばた たかひさ",62,"1961年11月30日","男","shibata_takahisa@example.jp","0823-44-3863","050-3147-4759","732-8036","広島県福山市引野町1-3-9","4207549145714613","07/25"
"黒木 加織","くろき かおり",54,"1970年06月24日","女","kuroki624@example.net","03-6978-6447","090-1674-4613","104-1989","東京都港区港南1-3-3","4248974778599829","12/26"
"笠原 めぐみ","かさはら めぐみ",62,"1961年12月04日","女","kasaharamegumi@example.co.jp","0558-63-3968","070-5147-3398","410-0949","静岡県藤枝市小石川町2-3-6","5475123717915529","12/25"
"竹内 健一","たけうち けんいち",38,"1985年08月29日","男","takeuchi_829@example.ne.jp","0563-30-2841","050-1474-6090","443-0400","愛知県名古屋市瑞穂区川澄町4-3-7","3552416721760878","08/28"
"竹内 恭平","たけうち きょうへい",57,"1966年11月04日","男","kyouhei_takeuchi@example.com","03-2414-5079","080-1623-3277","170-3059","東京都渋谷区神宮前2-2-17","5223257372890984","08/25"
"冨田 みさき","とみた みさき",53,"1970年12月09日","女","tomita129@example.org","0581-97-3701","050-2006-5267","509-4610","岐阜県岐阜市蔵前4-1-10","4738376955642512","04/26"
"竹下 達也","たけした たつや",32,"1992年04月11日","男","takeshita411@example.com","03-1408-0046","070-2600-0314","194-5303","東京都品川区豊町3-5-10","3567269788373793","05/25"
"小野 崇","おの たかし",72,"1951年12月10日","男","onotakashi@example.jp","03-3871-5650","050-5663-1380","192-3501","東京都港区西麻布1-5-4","374770119096507","06/29"
"鈴野 輝彦","すずの てるひこ",36,"1987年11月21日","男","suzuno1121@example.co.jp","0182-04-9097","050-3706-2950","016-7625","秋田県秋田市中通4-2-8","372739053686476","04/27"
"松尾 真由美","まつお まゆみ",38,"1985年11月20日","女","matsuo1120@example.net","03-4182-7465","070-3368-2091","117-7841","東京都三鷹市井の頭1-3-9","379180430307929","12/26"
"中村 学","なかむら まなぶ",70,"1954年03月12日","男","manabunakamura@example.jp","03-3626-2159","080-5176-7496","208-6325","東京都世田谷区深沢2-2-6","5267381583289153","09/26"
"杉山 恵","すぎやま めぐみ",42,"1982年03月17日","女","megumisugiyama@example.net","0567-58-7267","090-1382-2055","451-0252","愛知県名古屋市守山区小幡3-3-5","373371500685601","12/24"
"平井 玲子","ひらい れいこ",41,"1982年08月17日","女","hirai817@example.org","06-7439-8939","080-5407-4010","584-9207","大阪府大阪市淀川区宮原2-2-7ルミエール115","3587858956874289","03/27"
"内山 晃一","うちやま こういち",50,"1973年10月06日","男","uchiyama106@example.org","03-7257-6371","070-0142-6929","155-0803","東京都渋谷区千駄ヶ谷1-2-12","4173105880034103","12/25"
"高橋 雪子","たかはし ゆきこ",49,"1975年05月20日","女","takahashi520@example.net","03-6128-8539","050-3761-9971","105-0332","東京都港区赤坂2-4-6","3544960210414100","10/26"
"近藤 政幸","こんどう まさゆき",54,"1970年05月07日","男","masayukikondou@example.jp","03-8951-9800","080-2600-4006","107-3665","東京都港区虎ノ門3-3-602","5556295040169008","09/24"
"柏原 ともこ","かしわばら ともこ",60,"1964年05月29日","女","kashiwabara529@example.jp","0770-70-7431","070-0443-4516","911-3868","福井県福井市足羽4-2-9ネオダイキョー511","5283985237219968","10/26"
"日野 義信","ひの よしのぶ",26,"1998年01月24日","男","hinoyoshinobu@example.ne.jp","06-1807-0263","050-6889-6603","539-3328","大阪府大阪市西淀川区姫島4-1-7","3558057359473840","12/24"
"北野 友紀","きたの ともき",41,"1983年03月05日","女","kitanotomoki@example.net","03-5467-9129","080-5966-0647","136-6661","東京都西東京市南町3-3-15ヒルズコート813","373476826031107","08/25"
"松本 洋行","まつもと ひろゆき",60,"1963年09月26日","男","matsumoto_hiroyuki@example.com","06-8254-0156","070-2096-0868","580-9537","大阪府箕面市新稲1-3-14","3537921539844640","10/24"
"山根 大介","やまね だいすけ",59,"1964年07月21日","その他・不明","yamane721@example.org","0544-71-8181","080-3272-0441","433-6310","静岡県浜松市中区幸2-2-5メゾンドール105","5324529764730772","06/26"
"宮武 さやか","みやたけ さやか",41,"1982年07月23日","女","miyatake723@example.org","03-9604-7126","050-2502-5027","117-8904","東京都渋谷区代々木3-2-10ロイヤルマンション807","4656947155609358","10/24"
"篠原 孝治","しのはら こうじ",44,"1979年07月26日","男","shinohara_726@example.co.jp","03-7287-4149","090-6447-2500","203-6417","東京都港区芝1-3-1101アルビス102","4408794827192087","05/25"
"加藤 宏美","かとう ひろみ",40,"1983年12月04日","女","kato_hiromi@example.com","0967-87-0019","070-6068-3894","867-7652","熊本県熊本市東区月出3-2-20ユーハウス408","5339025472590601","03/29"
"山下 聡子","やました さとこ",42,"1981年07月16日","女","satokoyamashita@example.jp","03-2642-4634","070-7339-8513","192-8113","東京都墨田区江東橋1-2-6","373595676543000","04/29"
"森 優衣","もり ゆい",32,"1992年05月30日","女","yuimori@example.ne.jp","03-7746-0997","080-9481-6801","209-7074","東京都杉並区宮前2-2-402","377822552559702","02/28"
"鈴木 祥子","すずき しょうこ",46,"1977年07月26日","女","suzuki_726@example.co.jp","03-9903-8807","050-2474-2495","181-3391","東京都世田谷区成城1-3-4","5483880854239746","08/26"
"原口 修一","はらぐち しゅういち",52,"1971年08月27日","男","haraguchi827@example.net","03-5914-0097","080-5745-1562","202-0425","東京都葛飾区西新小岩3-4-409","5531535379769542","01/28"
"浅井 亮","あさい りょう",25,"1998年11月06日","男","asai_116@example.com","03-1993-5534","050-9159-1914","141-1214","東京都墨田区江東橋3-5-10","377448699425910","07/24"
"栗原 啓子","くりはら けいこ",31,"1993年04月09日","女","keiko_kurihara@example.com","03-9050-1224","070-9689-1265","127-2921","東京都小金井市東町2-2-12","3578705098843386","09/28"
"松本 誠","まつもと まこと",57,"1967年02月09日","男","makotomatsumoto@example.org","03-5141-4898","070-4443-5448","198-3670","東京都杉並区和泉2-2-13","3584145582854890","10/25"
"松尾 ゆか","まつお ゆか",39,"1984年12月09日","女","matsuo129@example.org","0940-08-4680","080-8396-1978","805-6008","福岡県福岡市中央区天神3-3-18ダイヤモンドマンション607","3572681384642897","07/24"
"山岸 良子","やまぎし よしこ",23,"2001年04月04日","女","yamagishi_yoshiko@example.ne.jp","09802-0-9968","080-3602-4179","905-7862","沖縄県沖縄市高原1-2-1007","3528870441291773","02/25"
"奥村 幸子","おくむら さちこ",78,"1946年03月21日","その他・不明","okumura_321@example.co.jp","03-3317-2769","050-5720-3825","163-2725","東京都千代田区外神田2-2-7","374893131376853","08/26"
"宮野 亨","みやの とおる",43,"1981年06月15日","男","miyanotooru@example.jp","03-1174-8231","080-3466-6873","156-7480","東京都葛飾区西新小岩3-1-10","373748452733234","02/25"
"坂田 喜一郎","さかた きいちろう",43,"1981年01月23日","男","sakata_123@example.jp","0495-17-6415","070-6830-7577","338-3139","埼玉県行田市城西4-3-8","4186886039951488","08/25"
"多田 友紀","ただ ともき",80,"1943年06月28日","女","tomoki_tada@example.org","03-6170-6464","070-6956-6543","131-1712","東京都北区東十条3-2-15","376475017214206","07/26"
"明石 宏志","あかし ひろし",76,"1947年08月18日","男","akashi_818@example.org","0287-93-3240","080-6709-7558","327-4591","栃木県栃木市片柳町2-1-9","377553134896250","06/28"
"沢井 順也","さわい じゅんや",30,"1993年08月18日","男","sawai_818@example.net","03-2344-9091","080-5980-4009","118-5368","東京都清瀬市下清戸3-2-5","5115763951968209","02/26"
"本間 友梨","ほんま ゆり",20,"2004年01月08日","女","yuri_homma@example.co.jp","078-745-8970","080-2923-5409","672-7007","兵庫県姫路市東延末2-1-21","5463650496796682","10/25"
"江本 昇司","えもと しょうじ",24,"1999年10月26日","男","emotoshouji@example.net","092-769-7657","080-7078-7464","803-7676","福岡県福岡市中央区天神1-5-15クレヴィア215","4448599700174710","06/29"
"成田 英也","なりた ひでや",80,"1944年05月21日","男","narita_521@example.net","0930-07-8047","090-8399-4850","804-8888","福岡県福岡市南区鶴田1-1-6","3544311004301014","07/26"
"高山 智子","たかやま ともこ",33,"1990年12月07日","女","tomokotakayama@example.com","0985-94-5975","070-8493-5648","881-0498","宮崎県延岡市南一ケ岡3-4-4","374791855518082","01/27"
"村上 紀子","むらかみ のりこ",30,"1993年07月07日","女","murakami_77@example.co.jp","03-2640-3248","090-6936-0029","180-6047","東京都武蔵野市境南町1-2-201","4712572099586231","11/26"
"田中 悠佳","たなか ゆうか",26,"1998年01月10日","女","tanakayuuka@example.ne.jp","03-3982-8155","080-2191-1962","202-6791","東京都新宿区西新宿2-2-5","379483493755749","11/26"
"水谷 竜二","みずたに りゅうじ",48,"1976年02月25日","男","ryuuji_mizutani@example.co.jp","06-3920-3819","090-7434-4666","546-1624","大阪府大阪市此花区西九条4-2-10","4213980570549293","04/29"
"杉浦 千尋","すぎうら ちひろ",69,"1954年12月25日","女","chihiro_sugiura@example.org","03-3069-4560","080-5863-1618","186-4599","東京都港区新橋1-5-13","370062012914760","04/29"
"樋口 龍","ひぐち りゅう",59,"1965年03月04日","男","ryuuhiguchi@example.jp","0877-93-1263","070-7388-1847","766-8871","香川県丸亀市塩屋町1-1-4","4630540846352305","10/27"
"奥村 里恵","おくむら りえ",72,"1952年05月27日","女","okumurarie@example.net","076-393-2954","080-2048-7979","920-6296","石川県金沢市八日市2-4-18エグゼ308","5404343081564366","06/27"
"岡田 裕二","おかだ ゆうじ",77,"1947年06月27日","男","okada_627@example.org","0493-30-3747","070-6874-6574","369-7547","埼玉県川口市安行出羽1-3-8","4631637721271854","09/26"
"吉田 陽子","よしだ ようこ",61,"1962年12月13日","女","youkoyoshida@example.co.jp","0569-43-7767","090-9641-7120","461-5950","愛知県名古屋市中川区清船町3-5-805","5235320581318589","11/27"
"鈴木 真也","すずき しんや",46,"1978年05月03日","男","suzuki_53@example.net","03-6701-2101","090-7650-4001","126-4977","東京都葛飾区東立石3-5-19エスト706","3585837012142453","06/29"
"渋谷 光","しぶや ひかる",63,"1961年04月13日","男","hikarushibuya@example.net","0790-64-7899","090-8265-7866","661-1438","兵庫県神戸市中央区加納町1-1-4パークナード104","4202588706572338","11/27"
"原田 慧","はらだ けい",28,"1996年01月06日","男","harada_16@example.net","083-272-6212","080-1531-7578","759-6079","山口県下関市後田町2-3-9ダイドーメゾン416","375395429341945","09/27"
"窪内 悦子","くぼうち えつこ",39,"1985年01月01日","女","etsukokubochi@example.jp","06-1940-6225","050-1697-7651","572-4681","大阪府大阪市浪速区桜川2-4-505","5556592810813629","04/26"
"村上 将和","むらかみ まさかず",54,"1970年01月03日","男","masakazu_murakami@example.ne.jp","048-625-3266","050-0189-1573","356-5697","埼玉県越谷市花田3-3-9","376383094720121","11/28"
"吉野 由佳","よしの ゆか",26,"1997年11月08日","女","yuka_yoshino@example.co.jp","0138-13-6995","050-9354-6610","054-9211","北海道滝川市大町1-1-4","5102238482204379","08/27"
"一戸 エリ子","いちのへ えりこ",43,"1981年03月27日","女","ichinohe_eriko@example.org","03-0992-4881","070-1852-1487","124-7438","東京都足立区千住2-1-1104","5157612389131543","05/26"
"西原 俊彦","にしはら としひこ",56,"1968年06月19日","男","nishiharatoshihiko@example.net","0466-93-2906","080-9143-7372","245-1262","神奈川県川崎市多摩区菅北浦1-1-3","4394156017664851","12/24"
"久保田 麻美","くぼた あさみ",44,"1980年06月09日","女","kubotaasami@example.com","03-8186-3958","080-5827-1820","182-2053","東京都大田区羽田4-2-4","3574599190920307","12/24"
"丸山 宏明","まるやま ひろあき",66,"1957年10月19日","男","hiroaki_maruyama@example.jp","06-4918-0986","090-9836-9727","546-3847","大阪府大阪市平野区長吉六反3-2-307","3566268241284515","10/26"
"横山 秀幸","よこやま ひでゆき",56,"1967年10月18日","男","hideyukiyokoyama@example.net","0134-48-0615","050-8005-2271","054-2623","北海道旭川市永山五条1-3-9","373057856575468","08/25"
"鷲見 惟","すみ ゆい",72,"1952年02月11日","女","sumi_yui@example.net","03-2329-4278","050-2230-2682","185-9931","東京都町田市原町田1-5-4","5213697363577433","10/27"
"大野 順子","おおの じゅんこ",61,"1962年10月25日","女","ono_junko@example.co.jp","03-8292-3364","070-6426-8028","175-5284","東京都杉並区高井戸東1-3-10ヨークベル515","379353296694363","10/27"
"浜口 敦子","はまぐち あつこ",59,"1965年05月01日","女","atsuko_hamaguchi@example.net","03-4003-6095","080-3830-4620","144-9924","東京都江戸川区大杉4-2-7ヨークベル103","4195788840584749","07/25"
"宮野 貴子","みやの たかこ",30,"1994年04月01日","女","miyano_takako@example.net","0237-91-7072","090-9735-7544","990-2213","山形県山形市城西町4-2-4","3578015491590224","08/27"
"佐藤 賢治","さとう けんじ",48,"1975年12月08日","男","kenjisato@example.net","06-2542-8629","070-6672-5719","551-5777","大阪府大阪市都島区中野町1-5-21ネオコーポ609","4659894716680394","09/27"
"風間 麻友","かざま まゆ",75,"1948年07月18日","女","mayu_kazama@example.co.jp","06-2965-4471","070-9834-0817","543-4043","大阪府大阪市生野区生野西3-1-5","5240501458094386","07/28"
"堀内 友梨","ほりうち ゆり",49,"1975年05月20日","女","horiuchi520@example.net","03-8749-3114","070-4664-0017","196-8172","東京都府中市日新町1-3-7","4091165395078010","10/26"
"田口 幸子","たぐち さちこ",51,"1972年11月11日","女","sachikotaguchi@example.jp","03-7801-7502","050-5933-8451","109-3043","東京都練馬区氷川台3-3-6","3552913479614265","07/24"
"高橋 光太","たかはし こうた",50,"1973年09月01日","男","takahashi_kota@example.org","0463-23-0540","090-4036-2677","236-5920","神奈川県川崎市多摩区南生田2-4-3","370927795904115","10/24"
"小宮 慎也","こみや しんや",80,"1944年01月18日","男","shinya_komiya@example.com","0947-11-2868","070-6445-6550","838-9800","福岡県福岡市南区大橋1-5-1001","375728561714067","10/27"
"矢島 香織","やじま かおり",75,"1948年08月07日","女","kaoriyajima@example.net","03-9527-7934","070-2308-2434","165-1655","東京都新宿区北新宿3-4-20","373068327144909","04/27"
"増山 肇","ますやま はじめ",61,"1963年03月15日","男","hajimemasuyama@example.ne.jp","03-7084-6309","080-4163-8742","141-6756","東京都港区港南3-1-9","376662195465086","12/28"
"日野 玲子","ひの れいこ",61,"1962年12月12日","女","reiko_hino@example.net","04-3482-0083","070-7763-7895","271-8448","千葉県市川市新田3-3-16","371392498752650","02/27"
"近藤 七海","こんどう ななみ",43,"1980年07月19日","女","nanami_kondou@example.jp","03-0706-5203","070-6104-4373","101-3029","東京都渋谷区千駄ヶ谷4-2-8","3529550844052019","05/26"
"柳瀬 圭一","やなせ けいいち",47,"1976年08月20日","男","yanase_keiichi@example.com","0798-20-9753","080-4031-7726","678-6750","兵庫県姫路市安田3-2-10","5436932352734286","04/29"
"福井 篤史","ふくい あつし",62,"1962年04月21日","男","fukui_atsushi@example.co.jp","03-0532-7819","080-2216-6165","188-0498","東京都江戸川区鹿骨2-1-9","3557353472325467","06/26"
"樋口 祐子","ひぐち ゆうこ",34,"1990年03月27日","女","higuchi_327@example.net","03-3558-9471","070-5376-8980","197-6120","東京都品川区東五反田1-5-301","379771589732063","11/27"
"菅野 絵美","かんの えみ",38,"1985年08月11日","女","emikanno@example.co.jp","03-6726-7243","080-0953-8802","119-6316","東京都品川区東品川3-1-4","3562652634922258","11/27"
"稲井 良介","いない りょうすけ",53,"1970年09月18日","男","inai_918@example.com","03-9265-0399","080-8425-2797","124-1055","東京都板橋区赤塚1-3-12","4436758701488255","09/25"
"藤田 早人","ふじた はやと",48,"1975年12月12日","男","fujita_1212@example.co.jp","03-3815-6150","070-4658-6610","209-8844","東京都港区六本木3-1-8","4459828817539135","10/25"
"野坂 千裕","のさか ちひろ",44,"1979年11月02日","女","nosaka_chihiro@example.org","06-5317-3873","090-7864-5566","577-5875","大阪府交野市星田1-3-22","373346639239546","06/27"
"野口 旭","のぐち あさひ",41,"1982年11月04日","男","asahinoguchi@example.com","042-790-9258","050-1853-1514","356-7388","埼玉県さいたま市浦和区北浦和3-1-6アーバンプラザ416","3562716095852997","07/24"
"杉山 博子","すぎやま ひろこ",50,"1973年09月15日","女","sugiyamahiroko@example.co.jp","03-1456-1963","090-8258-0069","194-5551","東京都世田谷区桜上水3-5-203","3550304247006715","10/26"
"友田 精一","ともだ せいいち",64,"1960年06月08日","男","tomodaseiichi@example.net","0538-04-1702","090-6599-1261","413-8917","静岡県藤枝市田沼2-3-15ルネグラン415","4718365255111546","04/29"
"江橋 利香","えばし りか",75,"1948年12月05日","女","ebashi_rika@example.net","0533-66-0811","070-0384-8507","478-7376","愛知県名古屋市千種区今池1-1-7","5513280461681071","10/28"
"足達 まゆみ","あだち まゆみ",51,"1972年07月16日","女","adachi_716@example.co.jp","0568-70-1527","050-3151-2328","488-8363","愛知県名古屋市港区正保町2-2-20","372485924427381","09/24"
"関田 知也","せきた ともや",56,"1967年11月03日","その他・不明","sekita113@example.co.jp","0479-43-4820","070-0401-9861","273-3944","千葉県市川市鬼高4-3-4","3529973253656478","02/28"
"川上 剛士","かわかみ つよし",25,"1999年05月09日","男","tsuyoshikawakami@example.net","01586-8-5983","080-9435-5481","086-7141","北海道札幌市中央区大通東2-2-4","3529710614077535","05/26"
"山岸 雅子","やまぎし まさこ",58,"1966年04月16日","女","masako_yamagishi@example.ne.jp","0889-44-6839","080-8323-6018","783-3522","高知県吾川郡いの町天王南3-3-7","5328464185538842","04/27"
"谷 千恵","たに ちえ",80,"1944年02月14日","女","chie_tani@example.net","03-4302-7482","090-8481-4646","106-0923","東京都足立区綾瀬1-1-7","377054565419266","06/29"
"筒井 育子","つつい いくこ",38,"1986年01月23日","女","ikuko_tsutsui@example.ne.jp","03-1759-2381","050-6872-4179","154-2870","東京都新宿区新宿2-2-20","378502460677247","08/24"
"神崎 ちあき","かんざき ちあき",22,"2001年10月22日","男","kanzaki_chiaki@example.ne.jp","03-8675-4244","050-6806-2881","167-0249","東京都調布市西つつじケ丘2-2-5","3575150037347541","08/28"
"林田 将太","はやしだ しょうた",29,"1994年07月01日","男","hayashida_shouta@example.net","03-6743-7689","090-6571-3594","112-4505","東京都江戸川区西瑞江2-2-13","3541980638001381","09/27"
"北田 宏史","きただ ひろし",58,"1965年11月01日","男","hiroshi_kitada@example.jp","044-054-6830","080-5648-1776","235-6235","神奈川県横浜市磯子区杉田3-1-907ステイツ208","3589546470093415","08/27"
"伊藤 陽","いとう あきら",28,"1995年09月07日","女","ito97@example.jp","04-2587-6436","070-8143-7132","369-6807","埼玉県蕨市北町3-1-7","5446323117715638","08/26"
"内藤 友明","ないとう ともあき",37,"1986年07月19日","男","naitotomoaki@example.jp","0493-04-5809","050-1214-7388","369-1446","埼玉県川口市上青木西2-1-9","5308426485180942","03/26"
"佐々木 美那","ささき みな",66,"1957年11月05日","女","sasakimina@example.jp","03-0602-4787","090-7967-6068","113-0970","東京都中央区銀座2-1-12","4792937863745169","02/29"
"山田 真弘","やまだ まさひろ",34,"1990年03月14日","男","yamada314@example.org","03-3136-8944","070-0728-8733","166-6588","東京都江東区豊洲1-1-5","373593927920382","04/25"
"中野 隆平","なかの りゅうへい",48,"1976年01月30日","男","ryuuheinakano@example.net","044-255-7618","050-2327-5444","249-2908","神奈川県藤沢市辻堂元町1-3-5","374980092232587","09/28"
"吉田 武男","よしだ たけお",61,"1963年02月05日","その他・不明","takeo_yoshida@example.org","03-2344-4408","080-7697-0929","124-9870","東京都品川区西五反田2-4-3","379565519472596","07/25"
"徳久 謙太郎","とくひさ けんたろう",40,"1984年03月24日","男","kentaroutokuhisa@example.co.jp","0297-93-5512","050-0195-6066","318-6376","茨城県日立市久慈町1-1-4","5442905715064577","05/26"
"中野 忠史","なかの ただし",50,"1974年04月12日","男","nakano_412@example.com","03-9635-9647","050-9731-8658","102-7633","東京都中野区本町2-4-11","4221576555469125","12/26"
"島田 俊一","しまだ しゅんいち",33,"1990年07月27日","男","shunichi_shimada@example.org","03-9559-1907","090-4609-2645","173-6049","東京都新宿区神楽坂2-2-10","4194429471461045","10/26"
"梅田 仁美","うめだ ひとみ",63,"1960年07月04日","女","hitomiumeda@example.jp","03-1576-3335","080-1793-4904","183-7952","東京都江戸川区西一之江1-2-7","376561433966469","06/27"
"布施 佑樹","ふせ ゆうき",48,"1976年04月28日","男","fuse_428@example.jp","03-2377-7569","050-5287-0302","196-6710","東京都西多摩郡瑞穂町長岡2-2-21ヒルズ314","4035175562478850","08/24"
"吉岡 隆二","よしおか りゅうじ",74,"1949年09月02日","男","yoshioka_ryuuji@example.net","01372-2-8563","050-5113-6783","006-8764","北海道札幌市中央区大通西2-2-7","5398133133663896","04/26"
"中村 郁乃","なかむら いくの",28,"1995年10月01日","女","ikuno_nakamura@example.com","01634-2-3221","070-2094-0512","090-2077","北海道帯広市東一条南2-2-9ファミールグラン407","3589977818199301","09/24"
"北山 佳子","きたやま よしこ",80,"1944年01月26日","女","kitayama_yoshiko@example.org","0943-47-9535","090-8058-8064","839-2139","福岡県福岡市博多区千代1-1-9","5348825656185352","08/26"
"伏屋 美津子","ふせや みつこ",30,"1994年03月27日","女","mitsuko_fuseya@example.com","0463-25-7365","090-8911-9901","221-4598","神奈川県相模原市中央区田名塩田1-5-21ジークレフ513","373315978125590","07/28"
"内山 愛弓","うちやま あゆみ",65,"1959年06月15日","女","uchiyama615@example.org","0465-71-8123","080-4786-0695","210-8493","神奈川県大和市中央林間1-1-18ブラームス513","376107816198856","03/27"
"石川 真帆","いしかわ まほ",71,"1952年11月07日","女","ishikawa117@example.net","0475-51-8893","080-1500-7385","278-3951","千葉県千葉市若葉区大宮台3-1-7","371474067663334","10/27"
"川本 邦彦","かわもと くにひこ",60,"1964年02月20日","男","kawamoto_220@example.ne.jp","01397-8-5790","070-4800-2747","053-5561","北海道札幌市豊平区平岸四条3-2-15ラクシア413","3576839247179624","03/26"
"又吉 浩充","またよし ひろみつ",33,"1990年07月21日","男","hiromitsu_matayoshi@example.net","0599-59-0987","080-2839-6489","518-4656","三重県鈴鹿市西条1-5-203ランズ403","4540082289489673","09/26"
"杉本 和昭","すぎもと かずあき",50,"1973年09月28日","男","sugimoto928@example.net","044-999-3686","080-2388-3651","220-6952","神奈川県相模原市緑区二本松1-1-7","5120988975520438","05/25"
"坂本 響子","さかもと きょうこ",57,"1966年12月17日","女","sakamoto_kyouko@example.net","03-5614-5120","080-6262-5242","133-3277","東京都足立区保木間2-3-10","4058921507501542","04/27"
"大森 伸夫","おおもり のぶお",28,"1995年10月21日","男","omorinobuo@example.jp","03-5290-8367","070-7553-5824","110-3201","東京都中央区銀座2-2-20シャトード414","3557037518992063","02/27"
"今村 美紀子","いまむら みきこ",48,"1976年04月02日","女","imamuramikiko@example.com","0568-08-9427","090-6850-6745","445-6735","愛知県名古屋市港区正保町2-4-4","5238246656289933","03/27"
"上島 麻子","うえしま あさこ",71,"1953年06月17日","女","ueshima_617@example.jp","03-1904-3079","070-7733-6147","140-8383","東京都中央区築地3-3-21","371121211753293","12/26"
"箕輪 万紀","みのわ まき",64,"1960年01月08日","女","maki_minowa@example.org","04-5441-4823","090-9426-4113","368-2501","埼玉県川口市本町3-1-4","5140465856805838","11/24"
"春田 竜二","はるた りゅうじ",49,"1975年04月01日","男","haruta_ryuuji@example.jp","0797-44-4962","080-0223-9789","665-2866","兵庫県姫路市安田2-3-6","3562920776436613","05/27"
"中嶋 要","なかじま かなめ",74,"1949年09月09日","その他・不明","nakajima_kaname@example.ne.jp","0829-64-4323","070-0206-4802","721-0876","広島県広島市安佐北区口田南2-3-12","3588869126684911","09/26"
"篠原 愛美","しのはら めぐみ",58,"1965年07月21日","女","megumi_shinohara@example.ne.jp","06-4636-3635","090-0843-8770","557-4528","大阪府箕面市今宮3-5-15","4178585067883759","09/25"
"服部 秀輝","はっとり ひでき",28,"1995年12月20日","男","hattorihideki@example.com","0250-50-8523","050-2293-7404","954-7514","新潟県新潟市江南区亀田緑町2-3-4","4682152423427240","05/25"
"堀 留美","ほり るみ",32,"1992年03月24日","女","rumihori@example.com","03-5155-3505","090-3446-2741","192-4426","東京都千代田区九段北3-1-10パークナード503","3571272983317577","06/25"
"村上 佑一","むらかみ ゆういち",44,"1980年04月26日","男","murakami426@example.jp","03-1986-0999","070-0496-2170","124-8213","東京都中野区東中野3-4-14","377651340178800","02/29"
"永田 亜希子","ながた あきこ",77,"1946年07月07日","女","nagataakiko@example.ne.jp","03-9117-4598","090-1770-5065","105-9501","東京都台東区元浅草2-2-6","3582913660052378","06/29"
"本間 淳子","ほんま じゅんこ",20,"2004年03月11日","女","homma_311@example.net","0968-37-9408","080-0534-6790","867-9653","熊本県熊本市中央区新町1-3-802","5330369614303427","01/28"
"水野 千恵","みずの ちえ",57,"1966年11月02日","女","mizuno112@example.com","046-246-4071","080-6295-8760","259-8337","神奈川県綾瀬市上土棚北1-1-20","5147747598816881","12/27"
"町田 俊明","まちだ としあき",27,"1996年12月27日","男","machida_toshiaki@example.ne.jp","0538-32-0365","080-8416-2961","431-7902","静岡県静岡市駿河区登呂1-1-8","376899336488698","04/27"
"橘 宏彰","たちばな ひろあき",61,"1963年01月19日","男","hiroaki_tachibana@example.net","03-8595-6420","050-5780-8939","110-1959","東京都港区赤坂1-1-703","372607388490775","12/24"
"大住 二郎","おおすみ じろう",43,"1981年01月02日","男","osumi_12@example.org","01658-1-0306","050-5622-4628","095-8081","北海道札幌市中央区北二条東1-1-20","4809793830808833","06/26"
"吉村 勝博","よしむら かつひろ",21,"2003年03月17日","男","katsuhiroyoshimura@example.org","0947-59-8200","080-1317-4511","807-0897","福岡県宗像市城西ヶ丘3-3-5プリメゾン815","5338861233664124","11/27"
"昆野 恒一郎","こんの こういちろう",30,"1993年07月11日","男","konno_711@example.co.jp","097-468-7738","090-2372-9290","872-0003","大分県大分市大在北1-2-8","4283841135759808","02/26"
"中嶋 純平","なかじま じゅんぺい",66,"1958年05月06日","男","nakajima_56@example.ne.jp","03-4797-6683","090-8141-8730","165-8263","東京都新宿区北新宿4-1-7アドリーム802","4838563954710296","05/26"
"山本 英知","やまもと ひでとも",30,"1994年01月02日","男","hidetomo_yamamoto@example.ne.jp","03-9386-2209","070-6001-5095","117-6362","東京都港区高輪2-1-17","5125415186722426","11/26"
"藤原 里香","ふじわら りか",46,"1978年01月14日","女","fujiwararika@example.jp","0948-71-8483","070-4097-9063","834-9227","福岡県福岡市南区長丘1-1-8ヴェルティーク802","376879706271197","01/25"
"中井 真奈美","なかい まなみ",45,"1978年08月06日","女","manami_nakai@example.net","03-4499-3944","070-4323-5963","110-5962","東京都渋谷区千駄ヶ谷2-3-807ロマネスク416","3573473140380742","06/26"
"伊勢 直樹","いせ なおき",75,"1949年05月17日","男","isenaoki@example.net","03-8731-8640","050-6263-3528","198-4661","東京都渋谷区代々木1-2-22","4832657926998538","09/24"
"岡島 美佳","おかじま みか",71,"1952年11月29日","女","okajimamika@example.jp","045-322-9351","080-5915-2959","246-1463","神奈川県平塚市田村4-3-3ニューライフ509","5457523925074005","12/26"
"吉田 卓","よしだ すぐる",60,"1963年07月08日","男","yoshida78@example.ne.jp","098-083-7560","090-8168-9551","906-4009","沖縄県沖縄市泡瀬1-4-18","5230600475651319","12/24"
"藤田 広樹","ふじた ひろき",57,"1967年01月24日","男","fujita_hiroki@example.co.jp","03-1238-0608","070-0882-4270","193-3918","東京都葛飾区四つ木2-3-10","5457538662828249","09/27"
"上原 博昭","うえはら ひろあき",24,"2000年06月12日","男","uehara612@example.net","044-613-3057","080-8463-5262","258-0341","神奈川県横浜市中区本町3-3-6","5589533729460764","01/26"
"岡崎 実咲","おかざき みさき",75,"1949年01月11日","女","okazaki_misaki@example.co.jp","03-7864-6335","080-2982-9806","105-8690","東京都江東区豊洲4-1-3","5431263639612144","07/24"
"佐藤 英次","さとう ひでつぐ",47,"1976年09月03日","男","sato_93@example.org","03-0219-9567","090-0698-3583","138-9494","東京都新宿区四谷3-2-6","3532670257531484","04/28"
"山崎 義幸","やまざき よしゆき",65,"1959年02月05日","男","yamazaki_25@example.com","046-038-3200","050-6458-7390","252-1369","神奈川県横浜市鶴見区鶴見中央1-4-22パークハイツ409","4224391893487988","12/27"
"石綿 龍一","いしわた りゅういち",48,"1975年12月24日","男","ishiwata_1224@example.org","0480-31-2939","050-6252-2029","343-8552","埼玉県北本市荒井3-3-10","370221713726374","11/28"
"西原 秀樹","にしはら ひでき",37,"1986年08月17日","男","nishihara817@example.com","0567-70-5455","090-6954-8289","456-5029","愛知県名古屋市中村区名駅1-2-10","3563669001899587","08/25"
"安達 裕香","あだち ゆか",62,"1962年02月27日","その他・不明","adachi_227@example.net","03-0311-3140","090-6234-3017","150-2391","東京都港区芝2-3-12","3570193380094356","05/28"
"宮坂 智樹","みやさか ともき",28,"1995年10月09日","男","tomokimiyasaka@example.com","03-7195-9558","080-6336-6575","184-4741","東京都羽村市五ノ神3-2-9","3543626257520775","10/27"
"江頭 大輔","えがしら だいすけ",51,"1972年12月09日","男","egashira_daisuke@example.org","06-3764-5951","070-2831-8433","562-5084","大阪府大阪市中央区備後町2-5-4パークスクエア809","4206329677536994","05/26"
"山下 直大","やました なおひろ",26,"1997年12月30日","男","naohiro_yamashita@example.jp","03-3415-0750","050-7770-1236","176-8699","東京都世田谷区等々力2-3-18","5135199264687895","05/27"
"増尾 圭美","ますお たまみ",65,"1959年01月11日","女","tamami_masuo@example.net","098-976-8726","090-6139-4664","907-7786","沖縄県那覇市首里石嶺町3-3-806ファミールグラン409","5561857561787196","06/26"
"中西 秀一","なかにし しゅういち",41,"1983年02月01日","男","shuuichi_nakanishi@example.co.jp","0790-12-7450","080-3740-2516","675-2221","兵庫県宝塚市高司3-3-5ディナスティ402","3565826073382714","08/24"
"小田 直浩","おだ なおひろ",25,"1999年02月08日","男","naohiro_oda@example.jp","0746-85-2499","090-6235-5594","632-4361","奈良県奈良市東登美ヶ丘2-2-10","5390739795751676","06/26"
"亀山 まり","かめやま まり",63,"1961年06月17日","女","marikameyama@example.co.jp","03-7419-0559","070-7330-9941","164-4711","東京都港区南青山3-2-708","3560027641980692","03/27"
"柏木 新","かしわぎ しん",28,"1996年01月05日","男","kashiwagishin@example.net","03-5380-9456","080-8420-4449","143-4580","東京都港区六本木3-5-801レアルグランデ411","4956662833739579","08/28"
"向井 新司","むかい しんじ",60,"1964年05月22日","その他・不明","mukai_522@example.net","04-3277-7110","050-6410-0091","270-2938","千葉県佐倉市ユーカリが丘1-2-5","3551802904888613","08/25"
"佐藤 裕樹","さとう ゆうき",66,"1957年09月25日","その他・不明","sato_925@example.com","043-968-1681","080-4468-7257","295-0902","千葉県柏市酒井根1-1-1007","371443379535795","10/25"
"鈴木 耕三","すずき こうぞう",48,"1975年07月15日","男","suzuki_kozou@example.jp","0255-51-4011","090-8481-0561","949-3645","新潟県新潟市東区山木戸4-2-10","5382129298419213","12/26"
"山田 康広","やまだ やすひろ",72,"1952年01月13日","男","yamada_113@example.net","03-2976-3122","090-4068-4832","206-8982","東京都小金井市緑町3-2-103","5348742817840355","06/25"
"城野 靖浩","しろの やすひろ",69,"1955年03月27日","男","shirono327@example.jp","03-1170-6437","080-6481-6114","184-7819","東京都三鷹市北野2-1-7","376846705142588","02/27"
"石田 亮太","いしだ りょうた",51,"1972年09月27日","男","ishida927@example.org","0587-73-3106","050-0890-0543","490-0363","愛知県名古屋市中区栄1-2-21","371285106097650","07/28"
"松尾 利之","まつお としゆき",22,"2002年01月19日","男","toshiyukimatsuo@example.net","0940-40-3934","080-5788-5432","838-4999","福岡県福岡市早良区西新3-2-7","3564428248382173","08/25"
"原田 りえ","はらだ りえ",27,"1997年04月03日","女","harada_rie@example.co.jp","03-8345-8041","080-2170-3877","131-4724","東京都港区西麻布1-5-10","373442321233424","02/25"
"渡辺 彩","わたなべ あや",60,"1964年03月31日","女","watanabe_aya@example.com","093-563-8539","050-5620-8769","809-7687","福岡県宗像市田熊2-1-6","5378771712691087","10/26"
"安部 友子","あべ ともこ",40,"1984年05月25日","女","abe525@example.com","03-1494-5742","080-1340-3779","178-4777","東京都世田谷区成城1-2-109","4226042151070069","10/27"
"庭田 昇平","にわた しょうへい",61,"1962年09月19日","その他・不明","niwata919@example.org","0761-72-0116","080-7091-6675","929-4876","石川県金沢市北安江2-4-1105","376994806221982","08/27"
"加藤 利明","かとう としあき",43,"1981年01月25日","男","kato_125@example.jp","042-065-1999","070-6241-7300","347-7649","埼玉県さいたま市浦和区岸町1-3-8ツウィング512","4466036722389874","06/29"
"村山 玲奈","むらやま れな",34,"1990年03月08日","女","murayama_rena@example.com","0235-85-7176","050-4802-4091","990-6754","山形県米沢市通町2-3-4","5484964632545522","02/28"
"池田 一也","いけだ かずや",42,"1981年08月26日","男","kazuyaikeda@example.ne.jp","03-1358-3899","050-3280-2972","201-3442","東京都中央区日本橋本町2-3-6","4138981511885004","05/27"
"田中 ゆうな","たなか ゆうな",51,"1973年02月11日","女","tanakayuuna@example.com","0225-72-0670","090-1828-5131","985-1743","宮城県仙台市太白区向山2-5-206","5303900333749558","08/26"
"広瀬 智子","ひろせ ともこ",52,"1971年11月29日","女","tomokohirose@example.jp","03-8970-1684","050-4414-5135","139-3033","東京都調布市多摩川3-3-6クレアシティ808","373055115305859","12/24"
"豊住 達也","とよずみ たつや",22,"2001年07月01日","男","toyozumitatsuya@example.net","06-7961-9236","070-5745-6543","558-4398","大阪府吹田市原町2-3-8","4590117181616434","07/27"
