1,永岡 美穂,ながおか みほ,51,26743,女,nagaoka320@example.org,03-0633-6451,090-5218-7131,170-0861,10,東京都港区南青山1-2-10
2,豊永 彰宏,とよなが あきひろ,80,15948,男,toyonaga_akihiro@example.jp,043-638-2988,090-0997-1759,278-4697,9,千葉県習志野市大久保2-4-11
3,松井 諒,まつい りょう,21,37586,男,ryou_matsui@example.ne.jp,03-1568-2988,090-5076-9740,158-7921,10,東京都大田区西六郷4-2-3
4,深川 益美,ふかがわ ますみ,46,28339,女,fukagawamasumi@example.co.jp,06-8200-4182,080-9316-5862,575-5388,27,大阪府東大阪市渋川町3-4-13
5,落合 剛,おちあい つよし,25,35978,男,ochiai72@example.net,0791-48-3727,090-8564-7460,663-6457,28,兵庫県西宮市上甲子園3-2-701
6,久保 香,くぼ かおり,79,16354,その他・不明,kaori_kubo@example.org,0176-72-4682,090-2672-0772,033-2931,2,青森県弘前市大字樹木2-2-7
7,植村 萌子,うえむら もえこ,29,34760,女,moekouemura@example.com,03-9494-4947,050-3397-3153,145-9743,10,東京都江戸川区南篠崎町1-5-1208
8,栗田 敦,くりた あつし,26,35831,男,kuritaatsushi@example.org,0587-71-0124,070-5096-7177,467-1886,23,愛知県刈谷市寺横町3-3-5
9,大久保 葉子,おおくぼ ようこ,33,33053,女,youko_okubo@example.com,03-2797-5198,050-4538-4142,187-4671,10,東京都港区白金2-1-12リッツハウス501
10,佐藤 麻衣,さとう まい,77,17128,女,sato_mai@example.ne.jp,0463-57-6745,050-1898-9386,235-6331,11,神奈川県横浜市中区山元町3-4-21
11,星野 栄,ほしの さかえ,79,16303,その他・不明,sakaehoshino@example.com,03-2186-9243,050-8848-4805,179-6327,10,東京都中野区沼袋2-1-5
12,大塚 寛,おおつか ひろし,25,36170,男,hiroshiotsuka@example.jp,06-0955-4101,050-4644-1041,559-2139,27,大阪府大阪市淀川区西中島2-2-5ベル415
13,菊地 真弓,きくち まゆみ,56,24913,女,kikuchi316@example.ne.jp,0568-57-4882,080-9946-9554,495-3283,23,愛知県半田市白山町3-1-9
14,松原 潔,まつばら きよし,47,28044,男,matsubara_kiyoshi@example.com,0779-48-9055,080-2165-6212,915-4783,20,福井県福井市松本1-3-10エスプリ312
15,中井 彰宏,なかい あきひろ,25,36094,男,akihiro_nakai@example.com,06-0553-0187,050-1532-0710,539-0657,27,大阪府東大阪市善根寺町4-2-10
16,八尾 政史,やお まさし,39,31021,男,yao125@example.ne.jp,03-6431-3743,050-6129-9152,168-0551,10,東京都世田谷区粕谷2-2-20
17,村岡 幸秀,むらおか ゆきひで,48,27808,男,muraoka218@example.com,0476-03-8854,050-9365-7257,261-0778,9,千葉県市川市大野町1-1-16
18,一瀬 雅彦,いちのせ まさひこ,32,33488,男,masahiko_ichinose@example.net,0797-75-2269,070-4780-3620,670-7840,28,兵庫県宝塚市千種3-4-1006
19,松田 あかね,まつだ あかね,26,35806,女,akanematsuda@example.org,03-6455-8565,070-2805-7003,172-8186,10,東京都千代田区九段南1-5-20
20,山本 良介,やまもと りょうすけ,26,35932,男,yamamotoryousuke@example.net,046-450-0426,050-8030-7680,246-1714,11,神奈川県茅ヶ崎市東海岸北3-3-5
21,滝沢 貴一,たきざわ きいち,78,16650,男,takizawa_81@example.ne.jp,03-9463-6943,070-5950-9734,189-0724,10,東京都練馬区平和台1-2-9
22,福山 綾子,ふくやま あやこ,60,23440,女,fukuyama_ayako@example.co.jp,03-3494-2692,070-2220-3102,117-6508,10,東京都練馬区土支田3-2-7
23,佐々木 裕之,ささき ひろゆき,30,34149,男,sasaki629@example.ne.jp,06-2132-1060,050-3982-9845,557-1779,27,大阪府大阪市淀川区西中島2-1-1001
24,上田 昌孝,うえだ まさたか,38,31256,男,masatakaueda@example.co.jp,015-930-2453,090-4155-6004,056-0789,1,北海道札幌市白石区北郷三条2-2-1201
25,浦野 郁雄,うらの いくお,23,37059,男,ikuourano@example.ne.jp,0798-80-0539,080-1807-4120,672-0332,28,兵庫県尼崎市立花町3-1-8
26,小泉 猛,こいずみ もう,63,22313,男,koizumimou@example.com,0943-14-9995,050-6752-9435,804-0345,40,福岡県太宰府市五条1-3-20マンハイム202
27,西山 雄太,にしやま ゆうた,39,30976,男,yuuta_nishiyama@example.jp,03-9683-3215,080-1453-4885,183-0475,10,東京都渋谷区恵比寿1-3-17
28,室伏 有希子,むろふし ゆきこ,62,22604,女,murofushi_yukiko@example.org,06-9837-8621,050-6216-8166,583-9425,27,大阪府東大阪市西岩田3-2-6
29,黒柳 康介,くろやなぎ やすゆき,69,20032,男,yasuyuki_kuroyanagi@example.ne.jp,06-2447-7419,070-3764-6985,564-7811,27,大阪府大阪市中央区博労町1-1-13
30,関 憲彦,せき のりひこ,67,20859,男,norihikoseki@example.net,0968-61-3250,080-1560-9854,868-5681,43,熊本県熊本市中央区国府1-1-9スワローハイツ113
31,笹森 琢也,ささもり たくや,36,32145,男,sasamoritakuya@example.ne.jp,048-127-6513,050-5587-2113,365-4530,8,埼玉県新座市馬場3-5-15
32,川合 祐司,かわい ゆうじ,44,29373,男,kawaiyuuji@example.com,0125-63-9469,090-3184-3658,093-8228,1,北海道札幌市手稲区手稲本町二条3-2-9
33,内山 利彦,うちやま かずひこ,57,24513,男,uchiyamakazuhiko@example.com,0587-87-1982,080-6120-6210,461-2153,23,愛知県名古屋市中川区春田2-2-8
34,沖本 貴広,おきもと たかひろ,38,31477,男,okimototakahiro@example.co.jp,0124-80-1593,070-8719-3690,084-4421,1,北海道札幌市中央区大通東1-2-13
35,長谷川 雅章,はせがわ まさあき,69,20267,男,hasegawa627@example.jp,06-5260-6334,080-4256-7783,548-2791,27,大阪府大阪市福島区玉川3-3-6
36,大里 愛子,おおさと あいこ,27,35416,女,osato_1217@example.com,0258-89-5221,090-4074-7729,948-5213,17,新潟県長岡市稲保2-5-8
37,小笠原 未樹,おがさわら みき,57,24498,男,ogasawaramiki@example.org,06-8616-6172,080-1988-2454,546-2407,27,大阪府吹田市片山町3-1-7ローレルハイツ115
38,高橋 裕二,たかはし ゆうじ,25,36037,男,takahashi_830@example.ne.jp,03-9051-4255,070-2612-0778,168-1375,10,東京都港区高輪2-4-7
39,澤田 英之,さわだ ひでゆき,38,31256,男,sawadahideyuki@example.co.jp,045-519-8528,070-0503-1001,216-6126,11,神奈川県横浜市鶴見区矢向1-2-21
40,高田 貴裕,たかだ たかひろ,72,18836,男,takahirotakada@example.ne.jp,03-7046-4204,050-6534-6121,150-2215,10,東京都三鷹市上連雀1-3-1108
41,工藤 元気,くどう げんき,74,18369,男,genkikudou@example.co.jp,03-8279-0655,070-0662-0193,139-5005,10,東京都杉並区久我山1-1-16
42,佐藤 耕一,さとう こういち,47,28196,男,sato312@example.jp,03-7767-1381,050-3338-3085,139-6966,10,東京都千代田区外神田3-1-13
43,本村 和也,もとむら かずや,35,32635,男,motomura_57@example.org,03-4686-3905,070-2851-1682,109-6815,10,東京都世田谷区池尻3-2-7
44,原田 英明,はらだ ひであき,48,27645,男,hideaki_harada@example.com,0996-48-2792,080-4572-4366,899-5848,46,鹿児島県鹿児島市谷山中央4-3-5クレアヒルズ807
45,蜂谷 有紀,はちや ゆき,42,30081,女,yukihachiya@example.co.jp,0284-18-2330,090-9566-3373,373-0200,14,群馬県前橋市南町3-1-15
46,池邉 義仁,いけべ よしひと,35,32405,男,ikebe919@example.net,03-7903-3826,090-8803-1114,180-2774,10,東京都墨田区墨田1-2-12ライオンズ・グランフォート303
47,川本 賢輔,かわもと けんすけ,23,36811,男,kawamoto_kensuke@example.net,0930-16-1361,080-5487-0908,839-4549,40,福岡県北九州市小倉北区木町1-1-20
48,田中 奈美子,たなか なみこ,64,21979,女,tanakanamiko@example.com,03-0994-9618,090-6127-9337,149-6944,10,東京都港区西麻布1-2-22
49,池本 悟,いけもと さとる,20,37924,その他・不明,satoru_ikemoto@example.net,03-3915-0159,070-2412-8594,124-6611,10,東京都武蔵野市吉祥寺北町1-1-10エバーグリーン706
50,田代 雄太,たしろ ゆうた,52,26408,男,tashiroyuuta@example.com,0470-83-6988,090-9203-4303,279-4068,9,千葉県千葉市若葉区西都賀3-5-10ニューライフ415
51,荒川 拓也,あらかわ たくや,22,37241,男,arakawa_1216@example.org,03-9349-5917,050-0612-8370,131-5216,10,東京都渋谷区渋谷2-3-3
52,杉本 尚,すぎもと なお,41,30472,男,sugimoto65@example.jp,03-7544-8082,080-2462-9862,153-9981,10,東京都文京区白山2-1-22
53,荒田 武彦,あらた たけひこ,69,19964,その他・不明,arata_828@example.net,0563-23-6235,050-9490-3481,445-8255,23,愛知県弥富市神戸3-4-1102
54,安宅 真奈美,あたか まなみ,67,20677,女,ataka_manami@example.co.jp,055-561-1778,080-4689-8531,434-3928,22,静岡県伊東市広野1-3-12
55,藤本 未央,ふじもと みお,54,25404,女,mio_fujimoto@example.co.jp,092-158-3672,050-5866-4653,803-3900,40,福岡県福岡市博多区東月隈3-2-22
56,中山 祐子,なかやま ゆうこ,69,20174,女,nakayama_326@example.org,0586-94-9913,050-1636-6306,492-0691,23,愛知県碧南市立山町3-2-6
57,鈴木 修,すずき おさむ,22,37310,男,osamu_suzuki@example.net,0896-13-2289,090-4700-7036,794-8674,38,愛媛県松山市湊町1-1-1208
58,前田 茜,まえだ あかね,71,19505,女,maedaakane@example.co.jp,03-6753-0955,090-8902-7382,167-4853,10,東京都渋谷区恵比寿1-3-20
59,大神 広恵,おおがみ ひろえ,72,19012,女,ogami_hiroe@example.jp,01547-7-0621,070-8888-7295,042-1034,1,北海道苫小牧市あけぼの町3-4-4エンゼルクレッセ102
60,指田 裕介,さしだ ゆうすけ,51,26619,男,yuusuke_sashida@example.jp,03-1026-4112,050-0669-2322,139-8367,10,東京都板橋区舟渡3-5-1001ニチモグリーンタウン115
61,馬場 正樹,ばば まさき,27,35438,男,masaki_baba@example.net,0186-65-1148,070-8582-6388,010-7893,5,秋田県秋田市中通2-3-22
62,安達 文也,あだち ふみや,49,27527,男,fumiya_adachi@example.net,06-0743-1918,050-6718-5582,577-1176,27,大阪府松原市三宅中3-1-12
63,田中 悠希,たなか ゆうき,47,28268,女,tanaka_523@example.ne.jp,03-1866-6641,090-4832-1035,145-0552,10,東京都台東区千束2-2-11
64,山本 弘美,やまもと ひろみ,49,27315,女,yamamotohiromi@example.ne.jp,0586-70-7948,080-4746-4323,450-8954,23,愛知県名古屋市中村区稲葉地町2-2-3ランフォルセ309
65,牛尾 浩之,うしお ひろゆき,44,29056,男,hiroyuki_ushio@example.jp,03-5038-1162,090-4817-0105,207-1687,10,東京都中央区八丁堀2-2-808
66,藤山 大悟,ふじやま だいご,46,28502,男,fujiyamadaigo@example.jp,0827-19-5234,070-8764-6180,736-6977,34,広島県呉市本通1-2-4
67,多々良 昌彦,たたら まさひこ,41,30228,男,tatara104@example.net,049-883-5015,080-5367-5111,334-4002,8,埼玉県越谷市蒲生3-2-3
68,林 尚弘,はやし なおひろ,77,17327,男,hayashinaohiro@example.net,045-780-7858,090-5103-0834,259-1143,11,神奈川県平塚市東八幡2-5-707ライオンズ607
69,藪内 守,やぶうち まもる,77,17157,男,yabuuchi1221@example.jp,03-1058-3348,050-8912-6242,107-8424,10,東京都豊島区巣鴨3-2-12ブランシエラ204
70,稲村 智人,いなむら ともひと,75,17931,男,tomohito_inamura@example.com,093-672-4225,090-6868-1783,804-7486,40,福岡県福岡市城南区片江1-3-4
71,川本 秀樹,かわもと ひでき,75,17794,男,kawamoto_hideki@example.com,05979-9-9352,090-9834-3757,515-9881,24,三重県四日市市新正1-1-19
72,渡部 裕之,わたなべ ひろゆき,33,33268,男,watanabe130@example.co.jp,03-1605-7753,090-0986-2836,111-2940,10,東京都目黒区中目黒3-2-1001ヴェルビュ113
73,田中 純子,たなか じゅんこ,72,19125,女,tanaka_511@example.org,0235-65-4713,090-0389-7365,997-3920,6,山形県山形市城西町2-2-8
74,二宮 昌彦,にのみや まさひこ,80,16155,男,masahiko_ninomiya@example.ne.jp,0475-06-6953,080-1772-5724,297-0924,9,千葉県松戸市六高台1-3-9
75,岡崎 春香,おかざき はるか,70,19583,女,haruka_okazaki@example.ne.jp,0797-45-2893,070-2042-1625,671-7030,28,兵庫県神戸市中央区磯上通1-5-401
76,小柳 直子,こやなぎ なおこ,72,18903,その他・不明,koyanagi102@example.jp,0772-81-8561,050-7428-4834,604-9523,26,京都府京都市東山区五条橋東4-2-5
77,早川 健悟,はやかわ けんご,72,18827,その他・不明,kengohayakawa@example.ne.jp,0494-18-1008,080-8573-1841,365-2125,8,埼玉県羽生市中央2-3-10
78,畦地 隆,あぜち たかし,42,30121,男,takashi_azechi@example.co.jp,0969-20-4844,090-7011-8226,862-0914,43,熊本県熊本市東区若葉1-5-15
79,永田 雅文,ながた まさふみ,75,17984,男,masafumi_nagata@example.com,03-3303-4144,080-7508-8729,173-2808,10,東京都中央区勝どき1-3-9
80,宇津 知晃,うつ ともあき,46,28361,男,utsu_tomoaki@example.com,0465-95-0665,050-3537-4604,254-4914,11,神奈川県相模原市南区相南3-2-13
81,千島 豪,ちしま たけし,43,29627,その他・不明,takeshichishima@example.jp,06-8761-8002,050-9811-2474,584-4166,27,大阪府大阪市北区西天満1-1-7
82,山辺 礼,やまべ れい,40,30539,男,reiyamabe@example.jp,03-1925-9516,070-9327-6879,100-6928,10,東京都大田区仲六郷2-3-9
83,山口 俊行,やまぐち としゆき,40,30686,男,toshiyuki_yamaguchi@example.jp,03-0493-1398,070-1800-4385,105-4637,10,東京都港区新橋2-1-803
84,西澤 龍一,にしざわ りゅういち,27,35327,その他・不明,nishizawa_919@example.co.jp,0566-53-6058,070-7603-4700,455-0531,23,愛知県名古屋市昭和区桜山町2-5-4
85,石原 徹,いしはら とおる,62,22527,その他・不明,ishihara_93@example.ne.jp,03-3318-6210,080-3190-1062,111-5821,10,東京都中央区八丁堀1-5-22
86,甲斐 梢,かい こずえ,78,16765,女,kozuekai@example.jp,0436-17-0348,050-0407-3386,281-8068,9,千葉県船橋市本町1-5-3
87,曽我 哲朗,そが てつろう,34,32937,男,soga35@example.com,044-723-9772,090-9977-9956,236-8838,11,神奈川県川崎市宮前区菅生2-5-20
88,高橋 良介,たかはし りょうすけ,60,23429,男,ryousuke_takahashi@example.org,0536-86-0054,080-3786-8054,479-7967,23,愛知県稲沢市国府宮3-5-307
89,北脇 哲,きたわき さとし,80,16232,男,kitawaki_satoshi@example.ne.jp,03-9219-0994,080-6049-5720,197-8103,10,東京都練馬区早宮2-3-902
90,山内 哲也,やまうち てつや,40,30618,男,yamauchi1029@example.org,0223-92-9650,080-4052-7279,989-6365,4,宮城県仙台市青葉区国見2-4-13
91,元井 孝太郎,もとい こうたろう,37,31796,男,motoi_119@example.com,017-278-1460,070-6146-2022,030-5550,2,青森県青森市長島3-1-14エフコート315
92,佐々木 隆也,ささき たかや,76,17542,男,sasaki110@example.org,03-0100-3021,090-8847-0909,121-0749,10,東京都港区虎ノ門3-1-5アールヴェール605
93,山崎 敦史,やまざき あつし,70,19599,男,yamazaki_atsushi@example.net,03-3786-7111,080-5037-0790,203-6848,10,東京都葛飾区西新小岩3-1-10
94,岩井 祐樹,いわい ゆうき,72,19116,男,iwaiyuuki@example.com,0480-67-0656,080-2505-9743,353-2806,8,埼玉県八潮市八潮1-3-4
95,池田 和子,いけだ かずこ,61,23101,女,ikeda_kazuko@example.jp,0494-68-6693,070-2675-8620,363-0149,8,埼玉県久喜市青毛4-2-4ルモン702
96,沖野 貴志,おきの たかし,71,19367,男,takashi_okino@example.jp,0532-77-9934,050-5897-6499,483-1234,23,愛知県豊橋市西岩田4-1-4
97,重信 幸子,しげのぶ さちこ,43,29423,女,shigenobu_sachiko@example.com,03-8828-6029,050-1757-3671,124-3360,10,東京都渋谷区恵比寿1-1-7
98,椎名 俊介,しいな しゅんすけ,37,31729,男,shiina_1113@example.co.jp,0533-82-1667,090-0062-2993,452-7276,23,愛知県豊橋市佐藤2-2-9
99,山本 小百合,やまもと さゆり,62,22588,女,yamamotosayuri@example.co.jp,06-8853-5235,080-8908-1470,593-9282,27,大阪府大阪市中央区平野町3-3-4
100,川野 博和,かわの ひろかず,37,31693,男,hirokazukawano@example.net,03-0878-9091,070-2422-2892,135-1214,10,東京都杉並区宮前4-2-3
101,坂本 崇之,さかもと たかゆき,53,25839,男,sakamoto928@example.net,03-3210-2077,050-3746-6950,116-7444,10,東京都江東区南砂2-1-21
102,山本 博之,やまもと ひろゆき,62,22688,男,yamamoto_211@example.org,0438-46-3517,050-3906-8841,275-0471,9,千葉県千葉市美浜区高浜3-1-6サンライフ116
103,佐々木 ゆかり,ささき ゆかり,32,33464,女,sasaki814@example.org,03-8451-7939,070-8883-3760,180-4106,10,東京都町田市原町田3-3-3
104,畑中 麻紀,はたなか まき,72,18811,女,makihatanaka@example.ne.jp,06-6165-0008,080-9153-6572,590-8452,27,大阪府東大阪市俊徳町2-2-6ハウス106
105,座間味 望,ざまみ のぞみ,48,27785,女,zamami_126@example.co.jp,03-0527-0076,090-3792-2683,153-5430,10,東京都杉並区高円寺北4-1-8
106,古川 悠司,ふるかわ ゆうじ,53,25941,男,yuuji_furukawa@example.org,0467-01-7728,050-7425-7935,235-5393,11,神奈川県川崎市多摩区東生田2-3-5
107,豊田 大介,とよだ だいすけ,41,30328,男,toyodadaisuke@example.ne.jp,0238-80-6756,080-3986-8024,995-3447,6,山形県山形市成沢西3-3-11クレアヒルズ801
108,松浦 慎吾,まつうら しんご,24,36521,男,matsuurashingo@example.ne.jp,03-3613-5794,070-1140-1020,145-1545,10,東京都北区滝野川4-1-9
109,池田 康友,いけだ やすとも,29,34553,男,ikeda_yasutomo@example.com,045-164-7207,090-8582-5001,231-2511,11,神奈川県藤沢市鵠沼神明1-2-9
110,中井 雅人,なかい まさと,35,32628,男,nakai430@example.co.jp,0748-41-4499,080-9193-9867,523-2223,25,滋賀県大津市本堅田1-1-7
111,岩山 高志,いわやま たかし,46,28510,男,iwayama120@example.org,0479-88-7454,050-5040-2554,278-2481,9,千葉県市原市西広3-1-19
112,吉田 侑,よしだ ゆう,37,31632,その他・不明,yuuyoshida@example.net,0220-34-5171,070-4234-2417,983-2363,4,宮城県仙台市太白区茂庭台3-2-8
113,櫻井 洋介,さくらい ようすけ,54,25627,男,yousuke_sakurai@example.com,0820-37-8933,050-1565-1532,744-6886,35,山口県宇部市あすとぴあ4-1-5
114,松岡 智美,まつおか ともみ,52,26358,女,tomomi_matsuoka@example.com,0791-17-4816,080-4440-8503,663-8574,28,兵庫県神戸市東灘区御影中町4-2-5
115,岡野 英樹,おかの ひでき,24,36446,男,okano_hideki@example.jp,093-911-9755,050-0779-8263,832-0964,40,福岡県福岡市早良区原2-3-4
116,松本 洋子,まつもと ようこ,42,29792,女,youko_matsumoto@example.net,03-0954-7480,090-3185-2490,186-7675,10,東京都世田谷区下馬3-1-15
117,野中 明広,のなか あきひろ,20,37924,男,nonaka_akihiro@example.ne.jp,0533-07-3722,070-9725-2130,479-3051,23,愛知県名古屋市中区栄2-1-14
118,森田 崇,もりた たかし,29,34624,男,morita1017@example.net,03-5477-1259,050-9926-4107,149-1530,10,東京都港区南青山3-3-11
119,北村 剛,きたむら つよし,35,32468,男,kitamura1121@example.com,06-5254-8597,050-3609-8460,585-7814,27,大阪府東大阪市日下町3-5-14
120,山田 真弓,やまだ まゆみ,78,16809,その他・不明,yamada_mayumi@example.jp,0225-01-8625,080-3755-7850,986-2120,4,宮城県仙台市青葉区一番町4-2-7
121,山岸 春香,やまぎし はるか,44,29384,その他・不明,yamagishiharuka@example.com,0799-90-7970,080-1362-1304,651-0551,28,兵庫県西宮市仁川町1-4-9ネオダイキョー206
122,川崎 翔,かわさき しょう,52,26297,男,shoukawasaki@example.org,06-6021-7014,090-8802-0813,588-9088,27,大阪府大阪市中央区南船場1-4-16
123,柳 卓哉,やなぎ たくや,24,36466,男,yanagi112@example.ne.jp,03-2181-0136,070-9073-1045,115-6141,10,東京都練馬区中村北2-5-5
124,小田 智明,おだ ともあき,43,29622,男,oda_tomoaki@example.org,03-2317-2115,050-1462-7468,100-3490,10,東京都中央区日本橋本石町2-3-5
125,久保田 真利子,くぼた まりこ,43,29666,その他・不明,kubota321@example.com,0467-18-9595,090-2683-2997,251-4801,11,神奈川県川崎市幸区塚越2-2-9
126,佐々木 和寿,ささき かずとし,64,21917,男,kazutoshisasaki@example.org,0979-59-2635,080-8880-2577,874-2364,44,大分県大分市生石3-1-9
127,鈴木 浩子,すずき ひろこ,20,38081,女,suzuki_44@example.jp,03-6882-6082,070-9697-3544,122-3594,10,東京都江戸川区平井2-2-18
128,安立 章裕,あだち あきひろ,23,37026,男,adachiakihiro@example.co.jp,0465-28-1265,050-1357-3311,233-1012,11,神奈川県相模原市南区新磯野2-5-19
129,小宮山 徹,こみやま とおる,34,33000,男,komiyama_tooru@example.jp,06-0258-5054,090-3732-0532,543-1326,27,大阪府大阪市中央区南久宝寺町1-1-6
130,米山 卓郎,よねやま たくろう,27,35568,男,takurou_yoneyama@example.jp,0167-28-7122,090-1251-9827,043-9583,1,北海道札幌市西区西野一条2-5-5
131,山形 義和,やまがた よしかず,29,34534,男,yamagata719@example.jp,06-3736-0941,090-4201-5346,551-0878,27,大阪府大阪市港区弁天3-4-907
132,矢野 良太,やの りょうた,20,37851,男,ryouta_yano@example.org,06-8074-6409,080-2112-0102,555-9050,27,大阪府八尾市南太子堂3-5-5
133,木瀬 浩一,きせ こういち,72,19057,男,kise_34@example.com,03-6997-3664,090-7971-6494,132-6419,10,東京都港区麻布十番2-1-6サンヴィラ510
134,酒井 悟,さかい さとる,34,32801,男,satorusakai@example.jp,0795-18-6828,050-8656-4264,666-4923,28,兵庫県神戸市灘区永手町3-4-1207
135,小林 文人,こばやし ふみひと,59,23763,男,fumihitokobayashi@example.co.jp,0476-20-5798,050-4272-8553,298-8009,9,千葉県市川市市川南3-4-14
136,西山 丈雄,にしやま たけお,20,38030,男,nishiyama213@example.jp,0123-05-7255,090-5490-3168,042-5990,1,北海道札幌市清田区清田一条1-2-9
137,中山 円,なかやま まどか,46,28483,女,nakayama_1224@example.ne.jp,042-791-1945,080-7568-1702,352-7159,8,埼玉県新座市野火止4-3-3
138,中嶋 めぐみ,なかじま めぐみ,51,26800,女,nakajima_megumi@example.ne.jp,03-5795-7274,050-4320-2496,199-8305,10,東京都新宿区西新宿1-5-8
139,鈴木 邦弘,すずき くにひろ,36,32202,男,suzuki229@example.org,06-8405-8287,090-0137-4828,592-7577,27,大阪府大阪市中央区本町3-3-20
140,大宮 隆太,おおみや りゅうた,28,35100,男,omiyaryuuta@example.net,03-1353-1767,050-9280-8438,106-0508,10,東京都港区高輪1-2-6
141,山下 大介,やました だいすけ,60,23294,男,yamashita1010@example.ne.jp,0798-53-1105,090-1326-5339,670-0564,28,兵庫県明石市朝霧南町3-3-3レスタージュ406
142,岩竹 由衣,いわたけ ゆい,51,26563,女,yui_iwatake@example.com,078-071-0878,050-1371-8432,677-6449,28,兵庫県尼崎市南武庫之荘1-2-4
143,池田 健児,いけだ けんじ,68,20532,男,ikeda_318@example.ne.jp,03-5265-2843,050-8739-6230,161-9936,10,東京都台東区池之端3-3-504
144,澤田 祐介,さわだ ゆうすけ,39,30870,男,yuusukesawada@example.ne.jp,044-628-3930,090-4068-7829,242-4531,11,神奈川県横浜市中区元町1-2-13
145,宮本 直樹,みやもと なおき,37,31744,男,naoki_miyamoto@example.ne.jp,0466-22-4963,090-8220-4552,233-0365,11,神奈川県海老名市河原口2-3-6
146,早川 良平,はやかわ りょうへい,78,16757,男,hayakawa1116@example.com,03-7545-2602,070-7172-8748,106-1976,10,東京都狛江市岩戸北2-3-19
147,菅野 州平,かんの しゅうへい,51,26578,男,kanno106@example.com,06-6039-5212,050-0252-1359,540-7233,27,大阪府大阪市淀川区西中島2-4-1104
148,津田 よしえ,つだ よしえ,38,31512,女,yoshietsuda@example.ne.jp,0986-44-8784,080-7342-7394,898-6776,46,鹿児島県鹿児島市南栄2-2-8
149,山根 麻優子,やまね まゆこ,30,34148,女,yamane_628@example.ne.jp,03-5790-3825,090-5117-5255,203-3433,10,東京都東村山市本町2-5-17
150,敦賀 敏弘,つるが としひろ,61,22859,男,tsuruga_81@example.ne.jp,03-0958-0280,070-4932-9237,134-3052,10,東京都港区白金台3-2-7
151,堀之内 たかゆき,ほりのうち たかゆき,23,36856,男,horinouchi_takayuki@example.ne.jp,0763-79-0433,050-7457-2893,935-8746,18,富山県富山市田中町2-2-6
152,渥美 陽子,あつみ ようこ,55,25030,女,atsumi_711@example.co.jp,03-5817-5103,090-7600-7320,193-4706,10,東京都江戸川区臨海町1-3-12
153,井上 隆二,いのうえ りゅうじ,62,22502,男,inoue_89@example.ne.jp,0476-18-1578,090-7174-9617,269-1997,9,千葉県浦安市猫実1-3-608
154,椿原 典子,つばきはら のりこ,30,34217,女,tsubakihara_noriko@example.jp,03-4248-9629,050-9598-2680,156-2516,10,東京都台東区千束1-2-7
155,細野 典子,ほその のりこ,74,18211,女,hosono119@example.ne.jp,04-9135-4383,090-2785-8746,276-4379,9,千葉県柏市増尾台2-1-18
156,増田 沙織,ますだ さおり,73,18465,女,saori_masuda@example.com,03-9087-8935,070-5806-6934,182-8736,10,東京都江戸川区船堀3-2-802
157,石原 小百合,いしはら さゆり,34,32868,女,ishihara_sayuri@example.jp,0460-44-9617,050-4579-2282,255-0477,11,神奈川県横浜市瀬谷区瀬谷4-1-5
158,松田 雄介,まつだ ゆうすけ,48,27815,男,matsuda_yuusuke@example.ne.jp,0564-74-0650,080-9330-6032,472-1319,23,愛知県津島市立込町1-5-22
159,今井田 寛子,いまいだ ひろこ,23,36981,女,imaida_hiroko@example.jp,01558-6-2322,090-9912-6300,053-9452,1,北海道滝川市新町4-1-7
160,門田 貴之,かどた たかゆき,39,31162,男,kadota425@example.com,045-002-4905,070-5071-5764,251-9909,11,神奈川県横須賀市三春町2-3-3
161,尾崎 麻理子,おざき まりこ,47,28103,女,marikoozaki@example.org,03-8768-1650,070-3698-6960,139-6891,10,東京都渋谷区代々木3-1-7
162,山口 寛,やまぐち ひろし,55,25076,男,yamaguchi_hiroshi@example.ne.jp,06-5355-5674,070-3620-4942,539-5214,27,大阪府交野市星田3-2-6
163,山内 寿一,やまうち としかず,51,26758,男,yamauchi_toshikazu@example.jp,06-9471-6072,050-8578-3367,547-4121,27,大阪府大阪市西区新町1-4-803
164,中村 士郎,なかむら しろう,65,21598,男,nakamura_shirou@example.ne.jp,0773-05-3910,050-9577-5487,612-7975,26,京都府木津川市兜台2-1-11
165,高橋 剛,たかはし つよし,27,35396,男,tsuyoshitakahashi@example.ne.jp,03-9120-8601,050-8468-7492,136-2406,10,東京都港区高輪1-1-3
166,武山 智之,たけやま ともゆき,53,25769,男,takeyama_tomoyuki@example.co.jp,0845-60-5107,080-6569-8836,729-2949,34,広島県広島市中区大手町1-2-3
167,大辻 哲男,おおつじ てつお,26,35922,男,otsujitetsuo@example.org,0135-51-3896,090-8085-2269,062-2886,1,北海道札幌市中央区宮の森三条3-2-509
168,塩谷 覚,しおや さとる,55,25304,男,satoru_shioya@example.jp,0258-59-4482,090-3872-2797,946-3911,17,新潟県新潟市東区物見山2-3-3クレアシティ711
169,池浦 修一,いけうら しゅういち,39,31071,男,shuuichiikeura@example.jp,03-3316-7768,080-9515-0082,158-8545,10,東京都港区港南3-2-10セレッソコート810
170,坂田 英二,さかた えいじ,43,29740,男,sakata_63@example.org,01656-9-5266,070-4630-2492,066-2412,1,北海道留萌市末広町3-1-8
171,西原 光司,にしはら こうじ,34,32839,男,kojinishihara@example.ne.jp,03-7217-6521,080-1446-0254,130-8845,10,東京都東大和市狭山3-2-12
172,山尾 尚,やまお なお,68,20427,男,yamaonao@example.net,06-3332-1954,080-1507-3597,568-4802,27,大阪府高槻市宮之川原1-1-1204
173,谷川 健治,たにがわ けんじ,30,34237,男,tanigawa_925@example.com,046-441-9511,050-9152-9618,237-9940,11,神奈川県横浜市鶴見区鶴見中央3-3-6
174,阪口 美加,さかぐち みか,26,35768,女,sakaguchi124@example.com,019-149-8666,050-4422-2250,029-4929,3,岩手県盛岡市北飯岡3-1-301
175,渋谷 広基,しぶや ひろき,45,28840,男,hiroki_shibuya@example.co.jp,0463-85-9316,070-2737-8464,234-4748,11,神奈川県横浜市都筑区茅ケ崎南3-2-4
176,田中 聖子,たなか せいこ,57,24407,女,seikotanaka@example.net,0479-87-8873,080-7560-1214,287-5473,9,千葉県船橋市本町2-3-8ヴェルドール510
177,金山 洋,かなやま ひろし,30,34153,男,kanayamahiroshi@example.org,03-0724-4805,070-7729-3668,176-3567,10,東京都品川区東大井3-3-10
178,溝渕 隆嗣,みぞぶち りゅうじ,57,24331,男,mizobuchi_812@example.net,0798-49-0132,080-6205-3153,655-5970,28,兵庫県神戸市中央区割塚通1-2-3
179,岸 美希,きし みき,57,24573,女,kishi_miki@example.jp,046-022-1062,080-1656-4183,215-4593,11,神奈川県川崎市多摩区長尾2-2-14
180,本郷 英克,ほんごう ひでかつ,77,17109,男,hongou_hidekatsu@example.org,03-3133-4231,090-7583-2176,195-7639,10,東京都江東区森下1-2-5
181,岩本 美恵,いわもと みえ,31,33979,その他・不明,iwamoto_mie@example.org,03-6782-4792,090-8273-1353,190-5380,10,東京都大田区西六郷4-2-3
182,鈴木 祥子,すずき しょうこ,78,16921,女,suzukishouko@example.co.jp,03-0750-7135,090-6837-7272,178-4323,10,東京都中央区日本橋本町1-1-10
183,仲山 幸彦,なかやま ゆきひこ,71,19251,男,nakayama_914@example.com,0567-82-9946,050-5046-5333,489-7953,23,愛知県刈谷市寿町1-2-8
184,篠田 雄三,しのだ ゆうぞう,79,16406,男,yuuzou_shinoda@example.jp,03-5745-2159,090-1294-0755,123-7376,10,東京都中央区日本橋本石町2-3-14
185,長沼 里美,ながぬま さとみ,71,19457,その他・不明,satomi_naganuma@example.net,03-8702-1339,070-8807-2860,157-7137,10,東京都港区白金台2-3-21
186,本多 邦彦,ほんだ くにひこ,62,22816,男,honda619@example.net,03-7367-3386,090-9200-3665,162-7964,10,東京都中野区東中野4-1-10
187,梅澤 雄一,うめざわ ゆういち,27,35327,男,yuuichi_umezawa@example.net,0465-41-1227,080-3739-7467,246-7436,11,神奈川県鎌倉市由比ガ浜2-2-7アンビエント407
188,平岩 弘貴,ひらいわ ひろき,37,31627,男,hiraiwa_hiroki@example.org,03-3602-2897,080-1558-0436,126-2344,10,東京都足立区西新井1-4-21
189,橘 絵美,たちばな えみ,20,37982,女,tachibana1227@example.net,0885-01-1614,090-5526-0151,777-8832,36,徳島県徳島市南昭和町2-1-5ニューライフ303
190,藤井 咲子,ふじい さきこ,34,32904,女,fujii131@example.org,0126-27-5500,070-5725-3412,094-5461,1,北海道千歳市信濃3-4-8セントローリエ115
191,小野寺 喜久子,おのでら きくこ,29,34798,女,onodera49@example.ne.jp,0155-02-8024,070-7328-6640,087-0796,1,北海道札幌市北区北十一条西3-3-3
192,久我 明人,くが あきひと,56,24829,男,kuga_1223@example.co.jp,06-1691-9330,070-8797-1654,531-9424,27,大阪府大阪市淀川区加島3-2-18スカイマンション705
193,向井 雅美,むかい まさみ,30,34346,男,mukai_masami@example.net,03-7496-3293,050-2435-0072,141-4320,10,東京都江東区新木場2-2-21
194,若井 あおい,わかい あおい,53,25838,女,wakaiaoi@example.co.jp,03-8991-2619,080-8535-9026,179-4738,10,東京都荒川区東尾久3-4-201
195,小川 雅巳,おがわ まさみ,66,21204,男,ogawamasami@example.ne.jp,0569-26-4726,090-5655-9361,445-3292,23,愛知県名古屋市中村区稲葉地町2-2-3
196,半田 友紀,はんだ ともき,39,30996,女,handa_1110@example.jp,03-8332-5119,090-5638-1307,195-6860,10,東京都八王子市子安町4-2-9
197,岩崎 宏,いわさき ひろし,54,25542,男,hiroshi_iwasaki@example.com,03-9027-8380,090-9980-8818,107-5728,10,東京都中野区沼袋2-5-3プレステージ211
198,赤木 幸治,あかぎ こうじ,27,35403,男,akagi_koji@example.jp,0791-80-0730,090-6647-5238,666-2471,28,兵庫県伊丹市南野1-3-8
199,松尾 美千子,まつお みちこ,32,33692,女,matsuomichiko@example.net,03-4627-0792,050-3498-8910,175-5733,10,東京都練馬区春日町1-1-704
200,永田 康彦,ながた やすひこ,35,32516,男,nagata_yasuhiko@example.co.jp,083-851-7545,070-2478-6690,750-8456,35,山口県宇部市東梶返1-3-14
201,川上 英樹,かわかみ ひでき,50,26860,男,kawakami_hideki@example.ne.jp,0438-42-2587,070-9804-4856,285-7089,9,千葉県習志野市藤崎1-3-22ガーデンハイツ312
202,藤井 真,ふじい まこと,29,34647,男,fujiimakoto@example.net,06-0072-9288,080-8048-5958,589-9068,27,大阪府大阪市大正区鶴町3-3-603
203,桑山 愛梨,くわやま あいり,73,18698,女,kuwayama_airi@example.ne.jp,06-1911-4124,090-5811-3912,585-4687,27,大阪府大阪市平野区加美正覚寺2-3-3ネオグランデ302
204,佐々木 和彦,ささき かずひこ,36,32190,男,kazuhiko_sasaki@example.co.jp,03-2968-6304,050-0922-3232,205-9808,10,東京都江東区亀戸1-1-408グランドメゾン505
205,坪井 大介,つぼい だいすけ,39,31039,男,tsuboi1223@example.org,03-8205-6142,080-2206-7770,176-9097,10,東京都台東区元浅草1-5-609
206,岡田 尚幸,おかだ なおゆき,27,35394,男,naoyuki_okada@example.jp,03-2779-5532,070-2132-8395,127-5532,10,東京都三鷹市中原4-2-9
207,服部 裕美子,はっとり ゆみこ,57,24477,女,yumikohattori@example.jp,0436-21-8057,080-9831-6312,274-2863,9,千葉県浦安市富岡4-1-8
208,内海 隆史,うつみ たかし,35,32458,男,utsumi1111@example.com,06-2552-3014,090-9446-7708,537-0621,27,大阪府大阪狭山市池之原3-1-3
209,小林 佳史,こばやし よしふみ,42,30019,男,kobayashi_39@example.jp,03-9446-0965,050-9383-4723,187-3028,10,東京都渋谷区神宮前3-4-22
210,市川 仁,いちかわ ひとし,22,37223,男,ichikawa1128@example.org,03-8209-9972,070-6185-0970,125-8490,10,東京都新宿区西新宿4-2-4
211,久保田 裕樹,くぼた ゆうき,79,16592,男,kubota_64@example.com,03-7706-4249,090-8261-6555,183-1164,10,東京都杉並区西荻南3-3-8
212,森安 雅,もりやす まさし,47,28006,その他・不明,moriyasu93@example.jp,044-564-7070,080-0000-7472,217-3977,11,神奈川県海老名市杉久保北2-5-15
213,田口 悠佑,たぐち ゆうすけ,51,26555,男,taguchi_913@example.co.jp,03-7714-4905,090-8064-0913,149-6078,10,東京都港区高輪2-3-4
214,山田 佐和子,やまだ さわこ,52,26434,女,yamada_515@example.jp,06-5907-6253,090-1998-9236,535-1872,27,大阪府大阪市中央区南船場3-1-3
215,柴田 佳祐,しばた けいすけ,53,25860,男,shibata_1019@example.jp,046-012-4334,050-7852-5148,245-3777,11,神奈川県座間市緑ケ丘2-1-907
216,山口 真太朗,やまぐち しんたろう,28,35235,男,shintarou_yamaguchi@example.co.jp,03-2629-5695,050-6003-2515,122-3317,10,東京都墨田区江東橋2-3-7
217,高橋 健太郎,たかはし けんたろう,74,18226,その他・不明,takahashi_kentarou@example.org,06-0653-0117,090-7016-6333,555-6802,27,大阪府大阪市住吉区長居東3-1-14
218,別府 周平,べっぷ しゅうへい,60,23286,男,beppu_102@example.co.jp,03-0811-4376,050-3622-4399,201-8254,10,東京都品川区大崎2-1-11ブリリア802
219,服部 祐太,はっとり ゆうた,73,18681,男,yuuta_hattori@example.co.jp,0460-89-9151,050-0692-2686,245-8332,11,神奈川県川崎市麻生区はるひ野3-2-10
220,今井 雅志,いまい まさし,41,30189,男,imaimasashi@example.co.jp,06-2583-9887,070-0784-9255,541-6408,27,大阪府大阪市中央区南船場1-2-10アービング214
221,坂本 智里,さかもと ちさと,23,36863,女,chisato_sakamoto@example.net,03-9835-8083,090-5483-9195,159-3185,10,東京都江戸川区北小岩1-2-5
222,森田 有里,もりた ゆり,24,36493,女,morita_1129@example.com,03-6219-6026,070-2728-2371,157-1146,10,東京都町田市原町田1-4-208
223,長谷川 誠,はせがわ まこと,57,24601,男,hasegawa59@example.ne.jp,0568-14-7892,070-9984-6732,470-1550,23,愛知県津島市藤浪町1-4-904
224,工藤 友美,くどう ゆみ,41,30159,女,kudou727@example.jp,03-9844-1828,050-3945-9286,194-5482,10,東京都目黒区目黒3-1-9
225,北原 寿江,きたはら ひさえ,62,22598,女,hisae_kitahara@example.ne.jp,03-5530-6034,050-9058-8253,144-0814,10,東京都江戸川区東葛西2-3-206
226,上出 典男,かみで のりお,60,23307,男,kamide_norio@example.net,03-4956-3839,080-6669-5780,139-2819,10,東京都世田谷区松原2-4-15
227,伊藤 美貴子,いとう みきこ,52,26442,女,ito_523@example.org,08396-1-1686,070-4559-3966,748-4599,35,山口県宇部市西平原1-3-4
228,堤 等,つつみ ひとし,77,17115,男,tsutsumi119@example.com,06-4274-2100,050-6401-4925,557-7792,27,大阪府八尾市宮町2-2-5
229,武市 直子,たけいち なおこ,42,30055,女,naokotakeichi@example.org,03-6654-6038,090-5945-8962,123-3039,10,東京都板橋区西台4-3-4
230,畑中 俊,はたなか しゅん,57,24313,女,hatanaka_shun@example.com,03-4901-4129,050-9374-8652,162-7160,10,東京都豊島区長崎2-3-7
231,川口 園子,かわぐち そのこ,54,25458,女,kawaguchisonoko@example.co.jp,0949-19-4477,050-9639-7074,801-0766,40,福岡県福岡市博多区博多駅前3-2-7
232,松本 惠,まつもと めぐみ,37,31942,女,matsumoto_614@example.com,0153-61-9057,090-1761-1925,007-9361,1,北海道札幌市手稲区西宮の沢二条3-4-16パークナード311
233,古城 千尋,こじょう ちひろ,66,21176,女,kojou1222@example.ne.jp,0463-99-4566,090-8796-7159,252-1732,11,神奈川県横浜市南区吉野町2-4-509ハイツオークラ116
234,林 裕和,はやし ひろかず,59,23624,男,hayashi94@example.ne.jp,0950-27-3235,090-4532-8607,859-5491,42,長崎県長崎市小江原3-3-3
235,藤井 敬介,ふじい けいすけ,69,20258,男,keisuke_fujii@example.net,0930-07-9087,070-0223-2817,832-6425,40,福岡県糸島市潤2-5-707
236,亀山 功二,かめやま こうじ,58,24044,男,kameyama_koji@example.co.jp,0952-24-1072,050-3754-7143,849-9105,41,佐賀県佐賀市兵庫北4-2-3
237,天野 博久,あまの ひろひさ,37,31930,男,amanohirohisa@example.net,03-5586-2538,080-0977-2178,103-8163,10,東京都西多摩郡瑞穂町長岡2-4-7
238,桜井 孝,さくらい たかし,21,37754,男,takashisakurai@example.com,06-4994-1407,050-6755-2478,569-0435,27,大阪府大阪市東淀川区東中島2-2-6
239,上谷 知和,うえたに ともかず,60,23471,男,uetani44@example.jp,03-0448-8452,050-5127-9675,134-8315,10,東京都港区白金台2-5-18
240,藤谷 典子,ふじたに のりこ,28,35130,女,fujitani36@example.jp,0576-69-7626,050-6525-4978,509-0751,21,岐阜県岐阜市水海道3-4-303
241,高橋 千鶴,たかはし ちづる,56,24905,女,chizuru_takahashi@example.net,0967-22-9669,050-2543-3132,868-4702,43,熊本県熊本市東区長嶺東3-1-8
242,寺原 和也,てらはら かずや,50,27182,男,kazuyaterahara@example.ne.jp,048-938-5401,080-9035-6739,351-1206,8,埼玉県三郷市新和3-4-22
243,今村 博幸,いまむら ひろゆき,60,23221,男,imamura_hiroyuki@example.org,0480-73-6914,080-2800-2087,348-2877,8,埼玉県川口市並木1-2-1001
244,遠山 智子,とおやま ともこ,71,19401,女,tooyama211@example.org,0467-91-8148,050-1368-4211,210-1754,11,神奈川県横須賀市根岸町1-5-21
245,青木 正樹,あおき まさき,39,30928,男,masakiaoki@example.jp,0776-30-9812,080-7554-5522,910-9259,20,福井県福井市大宮1-5-3
246,萬田 真悟,まんだ しんご,71,19358,男,manda_1230@example.org,06-3431-6030,050-1409-7089,572-9018,27,大阪府大東市野崎1-3-17
247,植松 正志,うえまつ まさし,70,19768,男,uematsu_masashi@example.jp,04-3123-7398,050-4254-4092,334-8888,8,埼玉県さいたま市浦和区針ヶ谷3-3-4サンマンション705
248,熊谷 光,くまがい ひかる,75,17927,男,kumagai_129@example.co.jp,0265-35-6839,080-8134-3739,398-4058,16,長野県長野市稲里町中央4-2-8
249,石内 天,いしうち てん,20,37987,男,tenishiuchi@example.org,03-8553-0787,050-2899-9976,140-2538,10,東京都港区南麻布3-3-7
250,大川 賢吾,おおかわ けんご,70,19569,男,okawa729@example.jp,01397-1-4124,090-6538-9299,065-0738,1,北海道札幌市中央区南九条西1-2-4
251,後藤 美奈子,ごとう みなこ,38,31483,女,goto_minako@example.net,06-1508-5374,090-4527-4103,575-8429,27,大阪府摂津市鳥飼本町3-2-5
252,三宅 俊輔,みやけ しゅんすけ,22,37307,その他・不明,miyake_220@example.com,03-9919-1814,070-2463-8888,107-0620,10,東京都中央区八丁堀3-5-803
253,岩崎 侑子,いわさき ゆうこ,34,32796,女,iwasaki_yuuko@example.net,0794-96-2358,080-8855-0288,665-7783,28,兵庫県神戸市須磨区戎町2-5-12
254,太田 ひとみ,おおた ひとみ,45,28945,女,hitomiota@example.com,03-5005-3574,080-0844-4461,195-2961,10,東京都新宿区新宿2-1-5ソルステージュ213
255,原 大輔,はら だいすけ,37,31901,男,hara54@example.net,0823-61-3742,070-7362-4556,730-1459,34,広島県広島市安芸区中野東2-2-4
256,千本 健,ちもと けん,26,35790,その他・不明,chimoto_1226@example.net,0847-80-4043,080-9990-5510,739-8433,34,広島県安芸郡府中町大須1-1-5
257,中村 法子,なかむら のりこ,55,25360,女,nakamura_66@example.jp,03-5387-1495,070-0834-3950,170-0497,10,東京都港区赤坂3-3-12
258,田和 ゆかこ,たわ ゆかこ,80,15916,女,tawa729@example.co.jp,0952-31-8412,070-8773-4401,849-6476,41,佐賀県佐賀市兵庫北4-2-3
259,松倉 京子,まつくら きょうこ,50,27097,女,matsukura_39@example.net,078-048-4960,080-1470-7348,650-9787,28,兵庫県神戸市灘区都通1-1-10
260,川口 耕平,かわぐち こうへい,58,23938,男,kawaguchi_kohei@example.ne.jp,06-0817-9898,070-7941-6316,578-0146,27,大阪府大阪市中央区南船場1-1-908
261,江端 進一,えばた しんいち,50,26849,男,shinichi_ebata@example.com,03-4357-3163,070-2043-8513,180-3327,10,東京都目黒区上目黒3-3-8
262,沖 礼子,おき れいこ,68,20338,女,oki96@example.co.jp,045-241-1013,080-1183-5560,226-3318,11,神奈川県鎌倉市由比ガ浜1-1-402
263,中山 明人,なかやま あきひと,63,22243,男,nakayamaakihito@example.net,04-6201-1532,090-1558-9498,345-1857,8,埼玉県吉川市きよみ野3-2-1006
264,清水 恵理子,しみず えりこ,39,31061,女,erikoshimizu@example.com,0796-88-2206,070-7315-8500,666-5526,28,兵庫県神戸市西区北別府2-5-21
265,新海 和,しんかい かず,21,37643,男,shinkaikazu@example.co.jp,0576-75-3601,080-9018-4054,505-3406,21,岐阜県大垣市南頬町3-1-6アメニティ409
266,和田 洋,わだ ひろし,75,17731,男,wada717@example.com,06-9788-9090,090-1789-1840,552-8795,27,大阪府貝塚市東山3-1-3パルムハウス813
267,十川 淳子,そがわ じゅんこ,68,20468,女,sogawa_junko@example.com,03-0211-2196,070-1184-2415,208-1555,10,東京都中央区銀座2-2-13
268,原 秀仁,はら ひでじ,73,18581,男,hara_1114@example.ne.jp,0478-80-0434,090-5123-8933,271-6524,9,千葉県千葉市美浜区真砂1-2-9
269,菊地 秀平,きくち しゅうへい,20,38139,男,kikuchishuuhei@example.co.jp,0955-77-4830,070-4632-7929,841-4248,41,佐賀県佐賀市神野東2-1-4
270,島田 浩之,しまだ ひろゆき,62,22620,男,shimada125@example.org,03-5694-0663,050-5773-9460,144-0774,10,東京都世田谷区給田2-3-7
271,徳永 知子,とくなが ともこ,35,32637,女,tomoko_tokunaga@example.jp,06-2480-9303,090-1649-0085,594-5857,27,大阪府大阪市中央区高麗橋2-2-3
272,水谷 由紀子,みずたに ゆきこ,39,31195,女,mizutani528@example.ne.jp,03-2124-4013,080-0964-0701,158-9052,10,東京都江東区東砂4-2-8
273,岩屋 明大,いわや あきひろ,55,25071,男,akihiroiwaya@example.co.jp,0155-89-9556,070-7131-0429,060-4819,1,北海道北見市東三輪3-3-3
274,荻野 智子,おぎの ともこ,33,33054,女,oginotomoko@example.com,0744-07-8977,090-7914-8204,634-4740,29,奈良県五條市五條1-1-6
275,山崎 智絵,やまざき ちえ,48,27854,女,yamazakichie@example.com,08396-1-6162,050-1481-0163,741-2595,35,山口県下関市員光町3-5-16ヒルズ406
276,岡田 愛,おかだ あい,25,36115,女,okada_1116@example.net,011-822-1156,080-0941-1656,046-1561,1,北海道帯広市西二十一条南3-5-604グランディア805
277,加瀬 俊朗,かせ としろう,49,27533,男,kase_519@example.co.jp,03-0638-0823,080-0847-2674,203-8983,10,東京都渋谷区神宮前2-5-1105
278,高山 たけし,たかやま たけし,50,26843,男,takayamatakeshi@example.org,0294-83-8338,080-5218-0375,319-9687,12,茨城県日立市東町2-4-19
279,橋本 大輔,はしもと だいすけ,68,20541,男,hashimoto_daisuke@example.co.jp,0439-93-2148,090-0974-5542,263-6589,9,千葉県船橋市習志野台3-1-506ラジュール713
280,加藤 俊之,かとう としゆき,80,15988,男,katotoshiyuki@example.com,0299-51-2053,070-5004-9737,304-6132,12,茨城県つくば市二の宮1-5-16ディアステージ709
281,古屋 朋也,ふるや ともや,58,24187,男,furuya_321@example.ne.jp,06-0712-5779,070-1540-6993,554-6937,27,大阪府八尾市本町2-5-15
282,田野井 陽介,たのい ようすけ,56,24989,男,yousuke_tanoi@example.co.jp,03-1655-0732,050-5078-9396,155-3534,10,東京都港区南青山3-3-3
283,久米 大輔,くめ だいすけ,27,35606,男,kume625@example.com,03-5207-3354,050-7806-9410,105-9048,10,東京都板橋区常盤台3-3-9
284,小西 真一郎,こにし しんいちろう,59,23687,男,konishi_shinichirou@example.jp,0226-97-2342,050-9079-9946,988-5995,4,宮城県仙台市泉区泉ケ丘2-3-11
285,太田 晴紀,おおた はるき,50,26906,男,ota_830@example.ne.jp,06-4609-8509,080-7746-1544,539-6720,27,大阪府大阪市鶴見区鶴見3-2-4
286,境 正信,さかい まさのぶ,22,37083,男,masanobu_sakai@example.org,025-194-2223,090-1551-1316,947-8709,17,新潟県新潟市西区五十嵐中島1-1-8
287,甲斐 陽子,かい ようこ,66,21278,女,kaiyouko@example.net,0466-84-9424,080-0315-4223,234-8092,11,神奈川県横浜市西区花咲町1-3-5
288,徳光 美穂子,とくみつ みほこ,45,28811,女,mihoko_tokumitsu@example.org,03-4516-9434,070-5680-9406,188-4046,10,東京都新宿区北新宿4-2-6
289,佐川 晴子,さがわ はるこ,80,16016,女,sagawa_haruko@example.org,06-3398-3728,050-8650-7265,592-6848,27,大阪府大阪市西区南堀江3-3-8
290,下村 吉朗,しもむら よしろう,67,20686,男,shimomura_819@example.ne.jp,0946-61-1836,050-7710-6853,834-5966,40,福岡県福岡市博多区博多駅前3-5-15
291,佐藤 宏幸,さとう ひろゆき,57,24401,男,sato1021@example.net,03-5639-6539,070-2942-9214,177-3820,10,東京都板橋区板橋3-2-4
292,湯川 千愛,ゆかわ ちえ,49,27309,女,yukawa_chie@example.jp,0747-38-8500,080-1190-1192,638-9069,29,奈良県五條市野原西1-4-207
293,入江 大樹,いりえ たいき,28,35049,男,irietaiki@example.org,0465-76-3506,070-8882-5747,213-8435,11,神奈川県横須賀市坂本町3-2-11
294,米川 祐介,よねかわ ゆうすけ,46,28471,男,yonekawayuusuke@example.co.jp,0798-22-6463,070-9092-4854,650-6515,28,兵庫県神戸市中央区北野町1-2-3アインス105
295,辻 文崇,つじ ふみたか,71,19492,男,tsuji_fumitaka@example.com,03-5376-2417,080-5185-5958,100-1696,10,東京都品川区南大井3-5-203
296,塩谷 百花,しおや ももか,20,37907,女,momokashioya@example.net,0288-07-2451,050-3774-2559,320-1130,13,栃木県那須塩原市三島3-3-19
297,北沢 忍,きたざわ しのぶ,32,33603,男,shinobu_kitazawa@example.ne.jp,0948-87-2775,090-1644-9030,830-3606,40,福岡県大野城市牛頸3-3-3リブコート302
298,北村 美和子,きたむら みわこ,63,22378,女,kitamura47@example.co.jp,0947-29-8411,090-8096-4584,836-7796,40,福岡県北九州市八幡西区千代3-1-1208
299,田北 明美,たきた あけみ,77,17266,女,takita_49@example.org,0791-46-1276,090-7368-5168,677-7818,28,兵庫県宝塚市平井3-5-101
300,野村 薫,のむら かおる,26,35889,女,nomura_44@example.co.jp,0548-12-1892,070-3265-2110,418-9441,22,静岡県浜松市中区鴨江4-1-4
301,岩城 大輔,いわき だいすけ,21,37712,男,iwaki_41@example.com,028-060-0067,090-4897-6334,327-5943,13,栃木県宇都宮市富士見が丘3-3-3
302,小笹 暢子,おざさ のぶこ,56,24902,女,ozasa_35@example.com,06-6201-3295,070-3182-9253,589-9922,27,大阪府豊中市中桜塚2-1-7
303,織田 香,おだ かおり,48,27919,女,kaori_oda@example.net,03-9631-4811,070-2229-6170,124-4690,10,東京都杉並区高円寺南2-3-18
304,岡田 千穂,おかだ ちほ,46,28304,女,chihookada@example.jp,0495-73-8486,090-0276-1608,342-6596,8,埼玉県本庄市日の出3-3-7
305,荒生 安史,あらお やすし,59,23636,男,yasushiarao@example.ne.jp,03-2043-5717,090-1876-7080,121-2249,10,東京都江戸川区東小岩3-2-4
306,上原 伸光,うえはら のぶみつ,71,19343,男,ueharanobumitsu@example.co.jp,0836-77-5344,080-9739-7928,756-2888,35,山口県山口市中央2-3-7
307,戸田 愛,とだ あい,68,20389,女,toda_1027@example.org,0980-31-1083,090-0238-9680,909-5839,47,沖縄県糸満市西崎町4-2-8パークハイム103
308,杉浦 貴文,すぎうら たかふみ,42,29830,男,sugiura_takafumi@example.net,0220-96-2815,090-0130-8024,988-6765,4,宮城県仙台市青葉区中央3-2-506
309,山口 康紀,やまぐち やすのり,75,17777,男,yamaguchi91@example.org,03-3648-5578,080-3377-1425,156-9381,10,東京都江東区亀戸3-3-18
310,菅原 孝,すがわら たかし,46,28445,男,sugawara_takashi@example.ne.jp,0259-37-5242,080-3000-9121,947-8522,17,新潟県長岡市稲保2-3-503
311,篠崎 明美,しのざき あけみ,65,21522,女,shinozaki_123@example.com,0125-37-1557,070-3172-7746,008-8243,1,北海道室蘭市港北町1-1-3
312,渡辺 早苗,わたなべ さなえ,62,22606,その他・不明,watanabe_sanae@example.org,06-4127-2343,090-8872-3628,577-6648,27,大阪府大阪市東淀川区東淡路1-1-108
313,倉田 翔太,くらた しょうた,23,36941,男,shoutakurata@example.jp,092-422-3563,090-6628-9274,836-1042,40,福岡県福岡市博多区博多駅前1-5-14
314,石川 麻美,いしかわ あさみ,57,24637,女,ishikawa_614@example.jp,03-8070-5851,070-0799-4124,161-2427,10,東京都中野区本町2-5-804
315,吉富 正太,よしとみ しょうた,36,32109,男,yoshitomi_shouta@example.ne.jp,03-9754-9883,090-7440-4681,197-8764,10,東京都足立区花畑2-1-10
316,中山 大輔,なかやま だいすけ,78,16817,男,nakayama_daisuke@example.org,0460-96-5074,070-9082-4419,212-0154,11,神奈川県相模原市南区相模台2-3-10グレイスロワ416
317,品川 秀紀,しながわ ひでき,43,29642,その他・不明,hidekishinagawa@example.co.jp,09496-4-4441,080-7402-1557,805-6636,40,福岡県福岡市城南区別府4-2-5
318,中野 翔太,なかの しょうた,25,36049,男,nakano911@example.ne.jp,03-8236-7519,090-0381-5059,135-1850,10,東京都江戸川区臨海町1-3-12
319,安井 克己,やすい かつみ,42,30035,男,katsumi_yasui@example.net,03-7223-5802,070-6983-8447,148-5880,10,東京都東久留米市本町3-5-402
320,塚本 由華,つかもと ゆか,26,35907,女,yukatsukamoto@example.org,06-7233-3120,090-7037-5375,563-4353,27,大阪府八尾市南太子堂3-5-5
321,奥田 晶子,おくだ しょうこ,40,30672,女,shoukookuda@example.net,01635-7-4664,090-8663-5100,077-6091,1,北海道留萌市南町1-3-17アーバンヴィレッジ809
322,伊藤 雄一,いとう ゆういち,78,16946,男,ito_524@example.co.jp,06-1948-1349,090-9360-0120,565-4476,27,大阪府大阪市西区北堀江3-5-15
323,堀越 宏樹,ほりこし ひろき,80,16160,男,horikoshi329@example.jp,03-3824-5902,070-3021-4582,131-3508,10,東京都江戸川区瑞江2-3-4
324,丸山 梨奈,まるやま りな,46,28566,女,maruyama317@example.com,0465-61-6902,090-8010-8686,233-5977,11,神奈川県相模原市中央区星が丘2-4-19ラフィネス616
325,菅野 美樹,かんの みき,41,30277,女,mikikanno@example.co.jp,03-5066-0422,070-9502-2915,123-1381,10,東京都新宿区西落合3-4-5ヴェルドール506
326,柴田 貴久,しばた たかひさ,62,22615,男,shibata_takahisa@example.jp,0823-44-3863,050-3147-4759,732-8036,34,広島県福山市引野町1-3-9
327,黒木 加織,くろき かおり,54,25743,女,kuroki624@example.net,03-6978-6447,090-1674-4613,104-1989,10,東京都港区港南1-3-3
328,笠原 めぐみ,かさはら めぐみ,62,22619,女,kasaharamegumi@example.co.jp,0558-63-3968,070-5147-3398,410-0949,22,静岡県藤枝市小石川町2-3-6
329,竹内 健一,たけうち けんいち,38,31288,男,takeuchi_829@example.ne.jp,0563-30-2841,050-1474-6090,443-0400,23,愛知県名古屋市瑞穂区川澄町4-3-7
330,竹内 恭平,たけうち きょうへい,57,24415,男,kyouhei_takeuchi@example.com,03-2414-5079,080-1623-3277,170-3059,10,東京都渋谷区神宮前2-2-17
331,冨田 みさき,とみた みさき,53,25911,女,tomita129@example.org,0581-97-3701,050-2006-5267,509-4610,21,岐阜県岐阜市蔵前4-1-10
332,竹下 達也,たけした たつや,32,33705,男,takeshita411@example.com,03-1408-0046,070-2600-0314,194-5303,10,東京都品川区豊町3-5-10
333,小野 崇,おの たかし,72,18972,男,onotakashi@example.jp,03-3871-5650,050-5663-1380,192-3501,10,東京都港区西麻布1-5-4
334,鈴野 輝彦,すずの てるひこ,36,32102,男,suzuno1121@example.co.jp,0182-04-9097,050-3706-2950,016-7625,5,秋田県秋田市中通4-2-8
335,松尾 真由美,まつお まゆみ,38,31371,女,matsuo1120@example.net,03-4182-7465,070-3368-2091,117-7841,10,東京都三鷹市井の頭1-3-9
336,中村 学,なかむら まなぶ,70,19795,男,manabunakamura@example.jp,03-3626-2159,080-5176-7496,208-6325,10,東京都世田谷区深沢2-2-6
337,杉山 恵,すぎやま めぐみ,42,30027,女,megumisugiyama@example.net,0567-58-7267,090-1382-2055,451-0252,23,愛知県名古屋市守山区小幡3-3-5
338,平井 玲子,ひらい れいこ,41,30180,女,hirai817@example.org,06-7439-8939,080-5407-4010,584-9207,27,大阪府大阪市淀川区宮原2-2-7ルミエール115
339,内山 晃一,うちやま こういち,50,26943,男,uchiyama106@example.org,03-7257-6371,070-0142-6929,155-0803,10,東京都渋谷区千駄ヶ谷1-2-12
340,高橋 雪子,たかはし ゆきこ,49,27534,女,takahashi520@example.net,03-6128-8539,050-3761-9971,105-0332,10,東京都港区赤坂2-4-6
341,近藤 政幸,こんどう まさゆき,54,25695,男,masayukikondou@example.jp,03-8951-9800,080-2600-4006,107-3665,10,東京都港区虎ノ門3-3-602
342,柏原 ともこ,かしわばら ともこ,60,23526,女,kashiwabara529@example.jp,0770-70-7431,070-0443-4516,911-3868,20,福井県福井市足羽4-2-9ネオダイキョー511
343,日野 義信,ひの よしのぶ,26,35819,男,hinoyoshinobu@example.ne.jp,06-1807-0263,050-6889-6603,539-3328,27,大阪府大阪市西淀川区姫島4-1-7
344,北野 友紀,きたの ともき,41,30380,女,kitanotomoki@example.net,03-5467-9129,080-5966-0647,136-6661,10,東京都西東京市南町3-3-15ヒルズコート813
345,松本 洋行,まつもと ひろゆき,60,23280,男,matsumoto_hiroyuki@example.com,06-8254-0156,070-2096-0868,580-9537,27,大阪府箕面市新稲1-3-14
346,山根 大介,やまね だいすけ,59,23579,その他・不明,yamane721@example.org,0544-71-8181,080-3272-0441,433-6310,22,静岡県浜松市中区幸2-2-5メゾンドール105
347,宮武 さやか,みやたけ さやか,41,30155,女,miyatake723@example.org,03-9604-7126,050-2502-5027,117-8904,10,東京都渋谷区代々木3-2-10ロイヤルマンション807
348,篠原 孝治,しのはら こうじ,44,29062,男,shinohara_726@example.co.jp,03-7287-4149,090-6447-2500,203-6417,10,東京都港区芝1-3-1101アルビス102
349,加藤 宏美,かとう ひろみ,40,30654,女,kato_hiromi@example.com,0967-87-0019,070-6068-3894,867-7652,43,熊本県熊本市東区月出3-2-20ユーハウス408
350,山下 聡子,やました さとこ,42,29783,女,satokoyamashita@example.jp,03-2642-4634,070-7339-8513,192-8113,10,東京都墨田区江東橋1-2-6
351,森 優衣,もり ゆい,32,33754,女,yuimori@example.ne.jp,03-7746-0997,080-9481-6801,209-7074,10,東京都杉並区宮前2-2-402
352,鈴木 祥子,すずき しょうこ,46,28332,女,suzuki_726@example.co.jp,03-9903-8807,050-2474-2495,181-3391,10,東京都世田谷区成城1-3-4
353,原口 修一,はらぐち しゅういち,52,26172,男,haraguchi827@example.net,03-5914-0097,080-5745-1562,202-0425,10,東京都葛飾区西新小岩3-4-409
354,浅井 亮,あさい りょう,25,36105,男,asai_116@example.com,03-1993-5534,050-9159-1914,141-1214,10,東京都墨田区江東橋3-5-10
355,栗原 啓子,くりはら けいこ,31,34068,女,keiko_kurihara@example.com,03-9050-1224,070-9689-1265,127-2921,10,東京都小金井市東町2-2-12
356,松本 誠,まつもと まこと,57,24512,男,makotomatsumoto@example.org,03-5141-4898,070-4443-5448,198-3670,10,東京都杉並区和泉2-2-13
357,松尾 ゆか,まつお ゆか,39,31025,女,matsuo129@example.org,0940-08-4680,080-8396-1978,805-6008,40,福岡県福岡市中央区天神3-3-18ダイヤモンドマンション607
358,山岸 良子,やまぎし よしこ,23,36985,女,yamagishi_yoshiko@example.ne.jp,09802-0-9968,080-3602-4179,905-7862,47,沖縄県沖縄市高原1-2-1007
359,奥村 幸子,おくむら さちこ,78,16882,その他・不明,okumura_321@example.co.jp,03-3317-2769,050-5720-3825,163-2725,10,東京都千代田区外神田2-2-7
360,宮野 亨,みやの とおる,43,29752,男,miyanotooru@example.jp,03-1174-8231,080-3466-6873,156-7480,10,東京都葛飾区西新小岩3-1-10
361,坂田 喜一郎,さかた きいちろう,43,29609,男,sakata_123@example.jp,0495-17-6415,070-6830-7577,338-3139,8,埼玉県行田市城西4-3-8
362,多田 友紀,ただ ともき,80,15885,女,tomoki_tada@example.org,03-6170-6464,070-6956-6543,131-1712,10,東京都北区東十条3-2-15
363,明石 宏志,あかし ひろし,76,17397,男,akashi_818@example.org,0287-93-3240,080-6709-7558,327-4591,13,栃木県栃木市片柳町2-1-9
364,沢井 順也,さわい じゅんや,30,34199,男,sawai_818@example.net,03-2344-9091,080-5980-4009,118-5368,10,東京都清瀬市下清戸3-2-5
365,本間 友梨,ほんま ゆり,20,37994,女,yuri_homma@example.co.jp,078-745-8970,080-2923-5409,672-7007,28,兵庫県姫路市東延末2-1-21
366,江本 昇司,えもと しょうじ,24,36459,男,emotoshouji@example.net,092-769-7657,080-7078-7464,803-7676,40,福岡県福岡市中央区天神1-5-15クレヴィア215
367,成田 英也,なりた ひでや,80,16213,男,narita_521@example.net,0930-07-8047,090-8399-4850,804-8888,40,福岡県福岡市南区鶴田1-1-6
368,高山 智子,たかやま ともこ,33,33214,女,tomokotakayama@example.com,0985-94-5975,070-8493-5648,881-0498,45,宮崎県延岡市南一ケ岡3-4-4
369,村上 紀子,むらかみ のりこ,30,34157,女,murakami_77@example.co.jp,03-2640-3248,090-6936-0029,180-6047,10,東京都武蔵野市境南町1-2-201
370,田中 悠佳,たなか ゆうか,26,35805,女,tanakayuuka@example.ne.jp,03-3982-8155,080-2191-1962,202-6791,10,東京都新宿区西新宿2-2-5
371,水谷 竜二,みずたに りゅうじ,48,27815,男,ryuuji_mizutani@example.co.jp,06-3920-3819,090-7434-4666,546-1624,27,大阪府大阪市此花区西九条4-2-10
372,杉浦 千尋,すぎうら ちひろ,69,20083,女,chihiro_sugiura@example.org,03-3069-4560,080-5863-1618,186-4599,10,東京都港区新橋1-5-13
373,樋口 龍,ひぐち りゅう,59,23805,男,ryuuhiguchi@example.jp,0877-93-1263,070-7388-1847,766-8871,37,香川県丸亀市塩屋町1-1-4
374,奥村 里恵,おくむら りえ,72,19141,女,okumurarie@example.net,076-393-2954,080-2048-7979,920-6296,19,石川県金沢市八日市2-4-18エグゼ308
375,岡田 裕二,おかだ ゆうじ,77,17345,男,okada_627@example.org,0493-30-3747,070-6874-6574,369-7547,8,埼玉県川口市安行出羽1-3-8
376,吉田 陽子,よしだ ようこ,61,22993,女,youkoyoshida@example.co.jp,0569-43-7767,090-9641-7120,461-5950,23,愛知県名古屋市中川区清船町3-5-805
377,鈴木 真也,すずき しんや,46,28613,男,suzuki_53@example.net,03-6701-2101,090-7650-4001,126-4977,10,東京都葛飾区東立石3-5-19エスト706
378,渋谷 光,しぶや ひかる,63,22384,男,hikarushibuya@example.net,0790-64-7899,090-8265-7866,661-1438,28,兵庫県神戸市中央区加納町1-1-4パークナード104
379,原田 慧,はらだ けい,28,35070,男,harada_16@example.net,083-272-6212,080-1531-7578,759-6079,35,山口県下関市後田町2-3-9ダイドーメゾン416
380,窪内 悦子,くぼうち えつこ,39,31048,女,etsukokubochi@example.jp,06-1940-6225,050-1697-7651,572-4681,27,大阪府大阪市浪速区桜川2-4-505
381,村上 将和,むらかみ まさかず,54,25571,男,masakazu_murakami@example.ne.jp,048-625-3266,050-0189-1573,356-5697,8,埼玉県越谷市花田3-3-9
382,吉野 由佳,よしの ゆか,26,35742,女,yuka_yoshino@example.co.jp,0138-13-6995,050-9354-6610,054-9211,1,北海道滝川市大町1-1-4
383,一戸 エリ子,いちのへ えりこ,43,29672,女,ichinohe_eriko@example.org,03-0992-4881,070-1852-1487,124-7438,10,東京都足立区千住2-1-1104
384,西原 俊彦,にしはら としひこ,56,25008,男,nishiharatoshihiko@example.net,0466-93-2906,080-9143-7372,245-1262,11,神奈川県川崎市多摩区菅北浦1-1-3
385,久保田 麻美,くぼた あさみ,44,29381,女,kubotaasami@example.com,03-8186-3958,080-5827-1820,182-2053,10,東京都大田区羽田4-2-4
386,丸山 宏明,まるやま ひろあき,66,21112,男,hiroaki_maruyama@example.jp,06-4918-0986,090-9836-9727,546-3847,27,大阪府大阪市平野区長吉六反3-2-307
387,横山 秀幸,よこやま ひでゆき,56,24763,男,hideyukiyokoyama@example.net,0134-48-0615,050-8005-2271,054-2623,1,北海道旭川市永山五条1-3-9
388,鷲見 惟,すみ ゆい,72,19035,女,sumi_yui@example.net,03-2329-4278,050-2230-2682,185-9931,10,東京都町田市原町田1-5-4
389,大野 順子,おおの じゅんこ,61,22944,女,ono_junko@example.co.jp,03-8292-3364,070-6426-8028,175-5284,10,東京都杉並区高井戸東1-3-10ヨークベル515
390,浜口 敦子,はまぐち あつこ,59,23863,女,atsuko_hamaguchi@example.net,03-4003-6095,080-3830-4620,144-9924,10,東京都江戸川区大杉4-2-7ヨークベル103
391,宮野 貴子,みやの たかこ,30,34425,女,miyano_takako@example.net,0237-91-7072,090-9735-7544,990-2213,6,山形県山形市城西町4-2-4
392,佐藤 賢治,さとう けんじ,48,27736,男,kenjisato@example.net,06-2542-8629,070-6672-5719,551-5777,27,大阪府大阪市都島区中野町1-5-21ネオコーポ609
393,風間 麻友,かざま まゆ,75,17732,女,mayu_kazama@example.co.jp,06-2965-4471,070-9834-0817,543-4043,27,大阪府大阪市生野区生野西3-1-5
394,堀内 友梨,ほりうち ゆり,49,27534,女,horiuchi520@example.net,03-8749-3114,070-4664-0017,196-8172,10,東京都府中市日新町1-3-7
395,田口 幸子,たぐち さちこ,51,26614,女,sachikotaguchi@example.jp,03-7801-7502,050-5933-8451,109-3043,10,東京都練馬区氷川台3-3-6
396,高橋 光太,たかはし こうた,50,26908,男,takahashi_kota@example.org,0463-23-0540,090-4036-2677,236-5920,11,神奈川県川崎市多摩区南生田2-4-3
397,小宮 慎也,こみや しんや,80,16089,男,shinya_komiya@example.com,0947-11-2868,070-6445-6550,838-9800,40,福岡県福岡市南区大橋1-5-1001
398,矢島 香織,やじま かおり,75,17752,女,kaoriyajima@example.net,03-9527-7934,070-2308-2434,165-1655,10,東京都新宿区北新宿3-4-20
399,増山 肇,ますやま はじめ,61,23085,男,hajimemasuyama@example.ne.jp,03-7084-6309,080-4163-8742,141-6756,10,東京都港区港南3-1-9
400,日野 玲子,ひの れいこ,61,22992,女,reiko_hino@example.net,04-3482-0083,070-7763-7895,271-8448,9,千葉県市川市新田3-3-16
401,近藤 七海,こんどう ななみ,43,29421,女,nanami_kondou@example.jp,03-0706-5203,070-6104-4373,101-3029,10,東京都渋谷区千駄ヶ谷4-2-8
402,柳瀬 圭一,やなせ けいいち,47,27992,男,yanase_keiichi@example.com,0798-20-9753,080-4031-7726,678-6750,28,兵庫県姫路市安田3-2-10
403,福井 篤史,ふくい あつし,62,22757,男,fukui_atsushi@example.co.jp,03-0532-7819,080-2216-6165,188-0498,10,東京都江戸川区鹿骨2-1-9
404,樋口 祐子,ひぐち ゆうこ,34,32959,女,higuchi_327@example.net,03-3558-9471,070-5376-8980,197-6120,10,東京都品川区東五反田1-5-301
405,菅野 絵美,かんの えみ,38,31270,女,emikanno@example.co.jp,03-6726-7243,080-0953-8802,119-6316,10,東京都品川区東品川3-1-4
406,稲井 良介,いない りょうすけ,53,25829,男,inai_918@example.com,03-9265-0399,080-8425-2797,124-1055,10,東京都板橋区赤塚1-3-12
407,藤田 早人,ふじた はやと,48,27740,男,fujita_1212@example.co.jp,03-3815-6150,070-4658-6610,209-8844,10,東京都港区六本木3-1-8
408,野坂 千裕,のさか ちひろ,44,29161,女,nosaka_chihiro@example.org,06-5317-3873,090-7864-5566,577-5875,27,大阪府交野市星田1-3-22
409,野口 旭,のぐち あさひ,41,30259,男,asahinoguchi@example.com,042-790-9258,050-1853-1514,356-7388,8,埼玉県さいたま市浦和区北浦和3-1-6アーバンプラザ416
410,杉山 博子,すぎやま ひろこ,50,26922,女,sugiyamahiroko@example.co.jp,03-1456-1963,090-8258-0069,194-5551,10,東京都世田谷区桜上水3-5-203
411,友田 精一,ともだ せいいち,64,22075,男,tomodaseiichi@example.net,0538-04-1702,090-6599-1261,413-8917,22,静岡県藤枝市田沼2-3-15ルネグラン415
412,江橋 利香,えばし りか,75,17872,女,ebashi_rika@example.net,0533-66-0811,070-0384-8507,478-7376,23,愛知県名古屋市千種区今池1-1-7
413,足達 まゆみ,あだち まゆみ,51,26496,女,adachi_716@example.co.jp,0568-70-1527,050-3151-2328,488-8363,23,愛知県名古屋市港区正保町2-2-20
414,関田 知也,せきた ともや,56,24779,その他・不明,sekita113@example.co.jp,0479-43-4820,070-0401-9861,273-3944,9,千葉県市川市鬼高4-3-4
415,川上 剛士,かわかみ つよし,25,36289,男,tsuyoshikawakami@example.net,01586-8-5983,080-9435-5481,086-7141,1,北海道札幌市中央区大通東2-2-4
416,山岸 雅子,やまぎし まさこ,58,24213,女,masako_yamagishi@example.ne.jp,0889-44-6839,080-8323-6018,783-3522,39,高知県吾川郡いの町天王南3-3-7
417,谷 千恵,たに ちえ,80,16116,女,chie_tani@example.net,03-4302-7482,090-8481-4646,106-0923,10,東京都足立区綾瀬1-1-7
418,筒井 育子,つつい いくこ,38,31435,女,ikuko_tsutsui@example.ne.jp,03-1759-2381,050-6872-4179,154-2870,10,東京都新宿区新宿2-2-20
419,神崎 ちあき,かんざき ちあき,22,37186,男,kanzaki_chiaki@example.ne.jp,03-8675-4244,050-6806-2881,167-0249,10,東京都調布市西つつじケ丘2-2-5
420,林田 将太,はやしだ しょうた,29,34516,男,hayashida_shouta@example.net,03-6743-7689,090-6571-3594,112-4505,10,東京都江戸川区西瑞江2-2-13
421,北田 宏史,きただ ひろし,58,24047,男,hiroshi_kitada@example.jp,044-054-6830,080-5648-1776,235-6235,11,神奈川県横浜市磯子区杉田3-1-907ステイツ208
422,伊藤 陽,いとう あきら,28,34949,女,ito97@example.jp,04-2587-6436,070-8143-7132,369-6807,8,埼玉県蕨市北町3-1-7
423,内藤 友明,ないとう ともあき,37,31612,男,naitotomoaki@example.jp,0493-04-5809,050-1214-7388,369-1446,8,埼玉県川口市上青木西2-1-9
424,佐々木 美那,ささき みな,66,21129,女,sasakimina@example.jp,03-0602-4787,090-7967-6068,113-0970,10,東京都中央区銀座2-1-12
425,山田 真弘,やまだ まさひろ,34,32946,男,yamada314@example.org,03-3136-8944,070-0728-8733,166-6588,10,東京都江東区豊洲1-1-5
426,中野 隆平,なかの りゅうへい,48,27789,男,ryuuheinakano@example.net,044-255-7618,050-2327-5444,249-2908,11,神奈川県藤沢市辻堂元町1-3-5
427,吉田 武男,よしだ たけお,61,23047,その他・不明,takeo_yoshida@example.org,03-2344-4408,080-7697-0929,124-9870,10,東京都品川区西五反田2-4-3
428,徳久 謙太郎,とくひさ けんたろう,40,30765,男,kentaroutokuhisa@example.co.jp,0297-93-5512,050-0195-6066,318-6376,12,茨城県日立市久慈町1-1-4
429,中野 忠史,なかの ただし,50,27131,男,nakano_412@example.com,03-9635-9647,050-9731-8658,102-7633,10,東京都中野区本町2-4-11
430,島田 俊一,しまだ しゅんいち,33,33081,男,shunichi_shimada@example.org,03-9559-1907,090-4609-2645,173-6049,10,東京都新宿区神楽坂2-2-10
431,梅田 仁美,うめだ ひとみ,63,22101,女,hitomiumeda@example.jp,03-1576-3335,080-1793-4904,183-7952,10,東京都江戸川区西一之江1-2-7
432,布施 佑樹,ふせ ゆうき,48,27878,男,fuse_428@example.jp,03-2377-7569,050-5287-0302,196-6710,10,東京都西多摩郡瑞穂町長岡2-2-21ヒルズ314
433,吉岡 隆二,よしおか りゅうじ,74,18143,男,yoshioka_ryuuji@example.net,01372-2-8563,050-5113-6783,006-8764,1,北海道札幌市中央区大通西2-2-7
434,中村 郁乃,なかむら いくの,28,34973,女,ikuno_nakamura@example.com,01634-2-3221,070-2094-0512,090-2077,1,北海道帯広市東一条南2-2-9ファミールグラン407
435,北山 佳子,きたやま よしこ,80,16097,女,kitayama_yoshiko@example.org,0943-47-9535,090-8058-8064,839-2139,40,福岡県福岡市博多区千代1-1-9
436,伏屋 美津子,ふせや みつこ,30,34420,女,mitsuko_fuseya@example.com,0463-25-7365,090-8911-9901,221-4598,11,神奈川県相模原市中央区田名塩田1-5-21ジークレフ513
437,内山 愛弓,うちやま あゆみ,65,21716,女,uchiyama615@example.org,0465-71-8123,080-4786-0695,210-8493,11,神奈川県大和市中央林間1-1-18ブラームス513
438,石川 真帆,いしかわ まほ,71,19305,女,ishikawa117@example.net,0475-51-8893,080-1500-7385,278-3951,9,千葉県千葉市若葉区大宮台3-1-7
439,川本 邦彦,かわもと くにひこ,60,23427,男,kawamoto_220@example.ne.jp,01397-8-5790,070-4800-2747,053-5561,1,北海道札幌市豊平区平岸四条3-2-15ラクシア413
440,又吉 浩充,またよし ひろみつ,33,33075,男,hiromitsu_matayoshi@example.net,0599-59-0987,080-2839-6489,518-4656,24,三重県鈴鹿市西条1-5-203ランズ403
441,杉本 和昭,すぎもと かずあき,50,26935,男,sugimoto928@example.net,044-999-3686,080-2388-3651,220-6952,11,神奈川県相模原市緑区二本松1-1-7
442,坂本 響子,さかもと きょうこ,57,24458,女,sakamoto_kyouko@example.net,03-5614-5120,080-6262-5242,133-3277,10,東京都足立区保木間2-3-10
443,大森 伸夫,おおもり のぶお,28,34993,男,omorinobuo@example.jp,03-5290-8367,070-7553-5824,110-3201,10,東京都中央区銀座2-2-20シャトード414
444,今村 美紀子,いまむら みきこ,48,27852,女,imamuramikiko@example.com,0568-08-9427,090-6850-6745,445-6735,23,愛知県名古屋市港区正保町2-4-4
445,上島 麻子,うえしま あさこ,71,19527,女,ueshima_617@example.jp,03-1904-3079,070-7733-6147,140-8383,10,東京都中央区築地3-3-21
446,箕輪 万紀,みのわ まき,64,21923,女,maki_minowa@example.org,04-5441-4823,090-9426-4113,368-2501,8,埼玉県川口市本町3-1-4
447,春田 竜二,はるた りゅうじ,49,27485,男,haruta_ryuuji@example.jp,0797-44-4962,080-0223-9789,665-2866,28,兵庫県姫路市安田2-3-6
448,中嶋 要,なかじま かなめ,74,18150,その他・不明,nakajima_kaname@example.ne.jp,0829-64-4323,070-0206-4802,721-0876,34,広島県広島市安佐北区口田南2-3-12
449,篠原 愛美,しのはら めぐみ,58,23944,女,megumi_shinohara@example.ne.jp,06-4636-3635,090-0843-8770,557-4528,27,大阪府箕面市今宮3-5-15
450,服部 秀輝,はっとり ひでき,28,35053,男,hattorihideki@example.com,0250-50-8523,050-2293-7404,954-7514,17,新潟県新潟市江南区亀田緑町2-3-4
451,堀 留美,ほり るみ,32,33687,女,rumihori@example.com,03-5155-3505,090-3446-2741,192-4426,10,東京都千代田区九段北3-1-10パークナード503
452,村上 佑一,むらかみ ゆういち,44,29337,男,murakami426@example.jp,03-1986-0999,070-0496-2170,124-8213,10,東京都中野区東中野3-4-14
453,永田 亜希子,ながた あきこ,77,16990,女,nagataakiko@example.ne.jp,03-9117-4598,090-1770-5065,105-9501,10,東京都台東区元浅草2-2-6
454,本間 淳子,ほんま じゅんこ,20,38057,女,homma_311@example.net,0968-37-9408,080-0534-6790,867-9653,43,熊本県熊本市中央区新町1-3-802
455,水野 千恵,みずの ちえ,57,24413,女,mizuno112@example.com,046-246-4071,080-6295-8760,259-8337,11,神奈川県綾瀬市上土棚北1-1-20
456,町田 俊明,まちだ としあき,27,35426,男,machida_toshiaki@example.ne.jp,0538-32-0365,080-8416-2961,431-7902,22,静岡県静岡市駿河区登呂1-1-8
457,橘 宏彰,たちばな ひろあき,61,23030,男,hiroaki_tachibana@example.net,03-8595-6420,050-5780-8939,110-1959,10,東京都港区赤坂1-1-703
458,大住 二郎,おおすみ じろう,43,29588,男,osumi_12@example.org,01658-1-0306,050-5622-4628,095-8081,1,北海道札幌市中央区北二条東1-1-20
459,吉村 勝博,よしむら かつひろ,21,37697,男,katsuhiroyoshimura@example.org,0947-59-8200,080-1317-4511,807-0897,40,福岡県宗像市城西ヶ丘3-3-5プリメゾン815
460,昆野 恒一郎,こんの こういちろう,30,34161,男,konno_711@example.co.jp,097-468-7738,090-2372-9290,872-0003,44,大分県大分市大在北1-2-8
461,中嶋 純平,なかじま じゅんぺい,66,21311,男,nakajima_56@example.ne.jp,03-4797-6683,090-8141-8730,165-8263,10,東京都新宿区北新宿4-1-7アドリーム802
462,山本 英知,やまもと ひでとも,30,34336,男,hidetomo_yamamoto@example.ne.jp,03-9386-2209,070-6001-5095,117-6362,10,東京都港区高輪2-1-17
463,藤原 里香,ふじわら りか,46,28504,女,fujiwararika@example.jp,0948-71-8483,070-4097-9063,834-9227,40,福岡県福岡市南区長丘1-1-8ヴェルティーク802
464,中井 真奈美,なかい まなみ,45,28708,女,manami_nakai@example.net,03-4499-3944,070-4323-5963,110-5962,10,東京都渋谷区千駄ヶ谷2-3-807ロマネスク416
465,伊勢 直樹,いせ なおき,75,18035,男,isenaoki@example.net,03-8731-8640,050-6263-3528,198-4661,10,東京都渋谷区代々木1-2-22
466,岡島 美佳,おかじま みか,71,19327,女,okajimamika@example.jp,045-322-9351,080-5915-2959,246-1463,11,神奈川県平塚市田村4-3-3ニューライフ509
467,吉田 卓,よしだ すぐる,60,23200,男,yoshida78@example.ne.jp,098-083-7560,090-8168-9551,906-4009,47,沖縄県沖縄市泡瀬1-4-18
468,藤田 広樹,ふじた ひろき,57,24496,男,fujita_hiroki@example.co.jp,03-1238-0608,070-0882-4270,193-3918,10,東京都葛飾区四つ木2-3-10
469,上原 博昭,うえはら ひろあき,24,36689,男,uehara612@example.net,044-613-3057,080-8463-5262,258-0341,11,神奈川県横浜市中区本町3-3-6
470,岡崎 実咲,おかざき みさき,75,17909,女,okazaki_misaki@example.co.jp,03-7864-6335,080-2982-9806,105-8690,10,東京都江東区豊洲4-1-3
471,佐藤 英次,さとう ひでつぐ,47,28006,男,sato_93@example.org,03-0219-9567,090-0698-3583,138-9494,10,東京都新宿区四谷3-2-6
472,山崎 義幸,やまざき よしゆき,65,21586,男,yamazaki_25@example.com,046-038-3200,050-6458-7390,252-1369,11,神奈川県横浜市鶴見区鶴見中央1-4-22パークハイツ409
473,石綿 龍一,いしわた りゅういち,48,27752,男,ishiwata_1224@example.org,0480-31-2939,050-6252-2029,343-8552,8,埼玉県北本市荒井3-3-10
474,西原 秀樹,にしはら ひでき,37,31641,男,nishihara817@example.com,0567-70-5455,090-6954-8289,456-5029,23,愛知県名古屋市中村区名駅1-2-10
475,安達 裕香,あだち ゆか,62,22704,その他・不明,adachi_227@example.net,03-0311-3140,090-6234-3017,150-2391,10,東京都港区芝2-3-12
476,宮坂 智樹,みやさか ともき,28,34981,男,tomokimiyasaka@example.com,03-7195-9558,080-6336-6575,184-4741,10,東京都羽村市五ノ神3-2-9
477,江頭 大輔,えがしら だいすけ,51,26642,男,egashira_daisuke@example.org,06-3764-5951,070-2831-8433,562-5084,27,大阪府大阪市中央区備後町2-5-4パークスクエア809
478,山下 直大,やました なおひろ,26,35794,男,naohiro_yamashita@example.jp,03-3415-0750,050-7770-1236,176-8699,10,東京都世田谷区等々力2-3-18
479,増尾 圭美,ますお たまみ,65,21561,女,tamami_masuo@example.net,098-976-8726,090-6139-4664,907-7786,47,沖縄県那覇市首里石嶺町3-3-806ファミールグラン409
480,中西 秀一,なかにし しゅういち,41,30348,男,shuuichi_nakanishi@example.co.jp,0790-12-7450,080-3740-2516,675-2221,28,兵庫県宝塚市高司3-3-5ディナスティ402
481,小田 直浩,おだ なおひろ,25,36199,男,naohiro_oda@example.jp,0746-85-2499,090-6235-5594,632-4361,29,奈良県奈良市東登美ヶ丘2-2-10
482,亀山 まり,かめやま まり,63,22449,女,marikameyama@example.co.jp,03-7419-0559,070-7330-9941,164-4711,10,東京都港区南青山3-2-708
483,柏木 新,かしわぎ しん,28,35069,男,kashiwagishin@example.net,03-5380-9456,080-8420-4449,143-4580,10,東京都港区六本木3-5-801レアルグランデ411
484,向井 新司,むかい しんじ,60,23519,その他・不明,mukai_522@example.net,04-3277-7110,050-6410-0091,270-2938,9,千葉県佐倉市ユーカリが丘1-2-5
485,佐藤 裕樹,さとう ゆうき,66,21088,その他・不明,sato_925@example.com,043-968-1681,080-4468-7257,295-0902,9,千葉県柏市酒井根1-1-1007
486,鈴木 耕三,すずき こうぞう,48,27590,男,suzuki_kozou@example.jp,0255-51-4011,090-8481-0561,949-3645,17,新潟県新潟市東区山木戸4-2-10
487,山田 康広,やまだ やすひろ,72,19006,男,yamada_113@example.net,03-2976-3122,090-4068-4832,206-8982,10,東京都小金井市緑町3-2-103
488,城野 靖浩,しろの やすひろ,69,20175,男,shirono327@example.jp,03-1170-6437,080-6481-6114,184-7819,10,東京都三鷹市北野2-1-7
489,石田 亮太,いしだ りょうた,51,26569,男,ishida927@example.org,0587-73-3106,050-0890-0543,490-0363,23,愛知県名古屋市中区栄1-2-21
490,松尾 利之,まつお としゆき,22,37275,男,toshiyukimatsuo@example.net,0940-40-3934,080-5788-5432,838-4999,40,福岡県福岡市早良区西新3-2-7
491,原田 りえ,はらだ りえ,27,35523,女,harada_rie@example.co.jp,03-8345-8041,080-2170-3877,131-4724,10,東京都港区西麻布1-5-10
492,渡辺 彩,わたなべ あや,60,23467,女,watanabe_aya@example.com,093-563-8539,050-5620-8769,809-7687,40,福岡県宗像市田熊2-1-6
493,安部 友子,あべ ともこ,40,30827,女,abe525@example.com,03-1494-5742,080-1340-3779,178-4777,10,東京都世田谷区成城1-2-109
494,庭田 昇平,にわた しょうへい,61,22908,その他・不明,niwata919@example.org,0761-72-0116,080-7091-6675,929-4876,19,石川県金沢市北安江2-4-1105
495,加藤 利明,かとう としあき,43,29611,男,kato_125@example.jp,042-065-1999,070-6241-7300,347-7649,8,埼玉県さいたま市浦和区岸町1-3-8ツウィング512
496,村山 玲奈,むらやま れな,34,32940,女,murayama_rena@example.com,0235-85-7176,050-4802-4091,990-6754,6,山形県米沢市通町2-3-4
497,池田 一也,いけだ かずや,42,29824,男,kazuyaikeda@example.ne.jp,03-1358-3899,050-3280-2972,201-3442,10,東京都中央区日本橋本町2-3-6
498,田中 ゆうな,たなか ゆうな,51,26706,女,tanakayuuna@example.com,0225-72-0670,090-1828-5131,985-1743,4,宮城県仙台市太白区向山2-5-206
499,広瀬 智子,ひろせ ともこ,52,26266,女,tomokohirose@example.jp,03-8970-1684,050-4414-5135,139-3033,10,東京都調布市多摩川3-3-6クレアシティ808
500,豊住 達也,とよずみ たつや,22,37073,男,toyozumitatsuya@example.net,06-7961-9236,070-5745-6543,558-4398,27,大阪府吹田市原町2-3-8
